ID,Twitter,Category
"4b474a16f964a520382e26e3","starbucks_gr","Coffee Shop"
"4b474ac9f964a520472e26e3","starbucks_gr","Coffee Shop"
"4b4b19baf964a5204a9226e3","tgifridaysgr","American Restaurant"
"4b659a3ff964a52006f62ae3","teloglion","Art Museum"
"4b6d4b66f964a520bf6f2ce3","paradosiakonet","Snack Place"
"4b6de067f964a520f1972ce3","medpalace","Hotel"
"4b75da02f964a52068292ee3","fixnightclub","Nightclub"
"4b777af8f964a520219d2ee3","rhodesairport","Airport"
"4b7c6ce4f964a52090922fe3","goodyscom","Burger Joint"
"4b7eca15f964a52090ff2fe3","plaisiocomp","Electronics Store"
"4b8edcecf964a520803b33e3","goodyscom","Fast Food Restaurant"
"4b903c5af964a520137e33e3","eightballlivest","Rock Club"
"4b97cd79f964a520921635e3","ianos_gr","Bookstore"
"4b9a1b06f964a520109f35e3","paok_fc","Soccer Stadium"
"4b9c4414f964a520485a36e3","ianos_gr","Bookstore"
"4b9c45aaf964a520e15a36e3","mbp_thess","History Museum"
"4b9e39a7f964a52024d336e3","hondoscenter","Department Store"
"4b9e3e76f964a5209ad436e3","ikea_gr","Furniture / Home Store"
"4b9e5043f964a52036d936e3","plaisiocomp","Electronics Store"
"4b9efd7df964a520ba0e37e3","cafebalkan","Café"
"4ba4e3b8f964a52069bf38e3","mediamarktgr","Electronics Store"
"4ba756e5f964a5209f8c39e3","goodyscom","Burger Joint"
"4ba9dccff964a520223b3ae3","nike","Sporting Goods Shop"
"4baa2b22f964a520f94f3ae3","marksandspencer","Clothing Store"
"4baa2b71f964a52019503ae3","hmhellas","Clothing Store"
"4baa6f14f964a520b8693ae3","bershka","Clothing Store"
"4baa6f82f964a520e3693ae3","pull_and_bear","Clothing Store"
"4bab57daf964a520f8a13ae3","melimelocafebar","Café"
"4bb4c0f52ba29c74d331ef2d","zithosgre","Mediterranean Restaurant"
"4bb5f50bef159c74be3575f7","goodyscom","Burger Joint"
"4bba578953649c74b1ea48fb","zithosgre","Greek Restaurant"
"4bbb7ca99858d13a716833a2","goodyscom","Fast Food Restaurant"
"4bbffa26b492d13a48bba360","santorinicars","Rental Car Location"
"4bc796c993bdeee1078a37ae","rodospalace","Resort"
"4bc796d593bdeee10e8a37ae","cactus_rhodes","Hotel"
"4bc8749edc55eee10977e8ac","santorinivillas","Hotel"
"4bc8749fdc55eee10b77e8ac","spg","Resort"
"4bc874afdc55eee12777e8ac","sunrockshotel","Hotel"
"4bc874b7dc55eee13277e8ac","notosthermespa","Hotel"
"4bc878c1dc55eee1a07be8ac","lepalace_hotel","Hotel"
"4bc8f3f4762beee1cebc3d38","rhodeshotels","Hotel"
"4bcf4cbd0ffdce728e5db2c0","imperialthess","Hotel"
"4bcf78820ffdce72c584b2c0","hotelolympiaskg","Hotel"
"4bcf7ba90ffdce72c888b2c0","theramare","Hotel"
"4bcf7bb60ffdce72e388b2c0","sani_resort","Hotel"
"4bd099a61f89ce728fb867ea","perivolashotel","Hotel"
"4bd0aa27b221c9b60728d4d0","electrahotels","Hotel"
"4bd1a2e15e0cce72b9c1a184","hotelkriopigi","Hotel"
"4bd1a5d65e0cce72f2c6a184","edenrochotel","Hotel"
"4bd1a65acaff9521befed0f0","intersportgr","Sporting Goods Shop"
"4bd1a6a65e0cce7259c8a184","art_maisons","Hotel"
"4bd1a6b75e0cce7280c8a184","ikieshotel","Hotel"
"4bd1bc945e0cce7282e9a184","katikieshotels","Hotel"
"4bd35f25a8b3a59379d5695f","odeontheater","Music Venue"
"4bd5b12ccfa7b713023126da","paradosiakonet","Breakfast Spot"
"4bd6d2bfcfa7b713761428da","mongo_asianfood","Asian Restaurant"
"4bd74003304fce72e44333ab","the_ixian_grand","Hotel"
"4bd74974304fce72fc5033ab","andronisgroup","Hotel"
"4bd74e46304fce727e5933ab","ikosoceania","Resort"
"4bd7a1c2304fce7237c833ab","aquavistahotels","Hotel"
"4bd888b92ecdce7240ced0f2","porto_carras","Hotel"
"4bd88d922ecdce72d5d1d0f2","aegeanmelathron","Hotel"
"4bd9c935d2cbc928f0ded1ad","apollobeachsa","Hotel"
"4bdd427db0f5c9283e104ce3","omilosbar","Bar"
"4bddb67effdec928f31be6a1","toixosalonica","Meze Restaurant"
"4bdf087a7ea362b53e4743c4","bluedolphingr","Resort"
"4beac669b3352d7fd98e55d2","amathus_hotels","Hotel"
"4bebd734415e20a108bbe6bb","starbucks_gr","Coffee Shop"
"4becfd0291380f479a579f18","konstadinosh","Convenience Store"
"4bed964c6e8c20a156987061","gnet_gr","Gaming Cafe"
"4beea1d83686c9b6d8b4246e","haniotivillage","Hotel"
"4bf4042f706e20a112d0a898","ariscaves","Hotel"
"4bf7a147b182c9b6fd10765a","santo_wines","Winery"
"4bfbc458d2b720a1f25c336a","goodyscom","Fast Food Restaurant"
"4bfbcdd5565f76b09cf905db","manoshotel","Hotel"
"4bfc17ce1be376b0e427f8b4","aegeanairlines","Plane"
"4bfe8b2755539c74c7dfbcf3","covermarket","Coworking Space"
"4bfeadfe369476b0d9ab8c1f","themethotel","Hotel"
"4c02d913310fc9b62f16c561","canavesoia","Hotel"
"4c0631ec8f8fa59394e2f20d","eurobank_group","Bank"
"4c066f66517d0f474bf3f515","goodyscom","Fast Food Restaurant"
"4c090694a1b32d7f36e596f0","northday","Event Space"
"4c0935ef009a0f47b658e7bf","myoxygenrodos","Gym / Fitness Center"
"4c0dea77c700c9b64821a3dd","eurobank_group","Bank"
"4c0fa1c8d64c0f479c0a2a5d","northday","Office"
"4c0fa4747189c928905ddab6","northbasket","Office"
"4c1262c077cea5934ceacc60","alpha_bank","Bank"
"4c21bd3034faef3b947b586d","metropolispharm","Pharmacy"
"4c22554f9085d13ac42986cc","monilazariston","Cultural Center"
"4c25bd3f136d20a15727e461","medroyalhotel","Hotel"
"4c275e225c5ca5939e9f47fe","ouzoumelathron1","Ouzeri"
"4c2b3640197e9521fea9628d","apagiofiscardo","Mediterranean Restaurant"
"4c387d65edba95217f17d625","bestwesternplaz","Hotel"
"4c38c2e30a71c9b67f4341c9","sani_resort","Resort"
"4c3a16bf1e06d13a04b67a3e","goodyscom","Fast Food Restaurant"
"4c3d9905933b0f470d8fe521","alpha_bank","Bank"
"4c3dffb9db3b1b8d1bcc6495","rhodeshotels","Hotel"
"4c42da60d7fad13addbc09da","giannikoshotel","Hotel"
"4c42f3b6cc410f479b7ead61","portovalitsa","Resort"
"4c442aff74ffc9282a2275cc","_follifollie","Jewelry Store"
"4c4432ef36d6a59335176aa8","diesel","Clothing Store"
"4c4963c21b430f475f5076c3","alpha_bank","Bank"
"4c49703d3013a593a31bbbe2","domainesigalas","Winery"
"4c4d2bad2bf7ef3b2844a192","astrasuites","Hotel"
"4c4d62fa9efabe9a3f806968","chromatahotel","Hotel"
"4c4df3cef53d0f476db5cfa5","maffair","Salon / Barbershop"
"4c4fd51c371520a12f204ec0","alpha_bank","Bank"
"4c4ffcdb8edf0f47f2397fae","plaisiocomp","Electronics Store"
"4c53e9396a4bb71399431d27","qcsthessaloniki","Miscellaneous Shop"
"4c57caca7613b713394f91ea","zara","Clothing Store"
"4c5ab354d3aee21e943f6b55","rodiamare","Beach"
"4c5c5e1d7735c9b633148c72","tassiafiscardo","Greek Restaurant"
"4c651c7594160f47947e2e17","mojitobeachbar1","Beach Bar"
"4c671112e75ac9282285f9da","aquagrand","Hotel"
"4c6ce26e99b9236ac2d0e3c9","watchmouse","Tech Startup"
"4c6d82f1e6b7b1f78af4a98e","massalia2010","Greek Restaurant"
"4c7114c8df6b8cfa350eba4d","bakalistaverna","Fish Taverna"
"4c7377d8376da093182da9c6","kastelliresort","Resort"
"4c7650b2c219224b90cba428","mlslifesimple","Office"
"4c78dde6bd346dcb9384f3ef","vodafone_gr","Mobile Phone Shop"
"4c7fab64fb74236a2eb4fab9","alexandrabeacht","Hotel"
"4c7fb16d2042b1f7c990c3ad","tsipouropower","Ouzeri"
"4c7fb90ef4cf9c748614a5a0","dominosgreece","Pizza Place"
"4c82308dd34ca14363512980","eko_greece","Gas Station"
"4c82aac451ada1cd7eeb1e10","antigonibeach","Hotel"
"4c8530b22f1c236a195f5243","prigipos_","Kafenio"
"4c86544de602b1f712fdbe7a","publicstores","Electronics Store"
"4c86a95e47cc224bbf8aab9f","sevenspot","Video Store"
"4c890ea9944e224be75f2185","savvikos_1947","Grilled Meat Restaurant"
"4c8b74461eafb1f7679d8335","helexposocial","Convention Center"
"4c8f95c858668cfa505ddbec","holidayinn","Hotel"
"4c928d3af600236acdfebd32","sharkgr","Bar"
"4c935c042bf7b60cd53d6a0a","offradio","Radio Station"
"4c947703533aa0938fc3bf45","hondoscenter","Cosmetics Shop"
"4c94b8d0efecb7134c61e09d","elcthessaloniki","General College & University"
"4c9b3ffd292a6dcb9291d576","white_suites","Hotel"
"4c9f2da70313370458e06fd5","santorinigr","Island"
"4ca1a44c79d9b1f77616c199","actgreece","University"
"4ca72899f47ea14351736721","goodyscom","Burger Joint"
"4caafd7314c337047251e63b","lindianapollo","Cocktail Bar"
"4cab906676d3a093bb322d6b","goodyscom","Fast Food Restaurant"
"4cada44c8c48a093d04d6d2c","alpha_bank","Bank"
"4caf0adfbabebfb787c1a1ab","rhodes_hotels","Hotel"
"4cb06df71168a09368592a23","konstandinidis_","Dessert Shop"
"4cb7669e0011b713c2cee7b9","sportsbar_","Sports Bar"
"4cbacae04352a1cd191995f5","thganiessxares","Greek Restaurant"
"4cbc53a97a5d9eb0065b31e9","spg","Hotel"
"4cbc55dd7a5d9eb0cb5c31e9","sheratonrhodes","Hotel"
"4cbe10831c6c6dcbfdb1655e","galileo_gr","General College & University"
"4cc36747c844721e3c05e301","firahotels","Hotel"
"4cc5e7a580624688b1f73e2f","sevenspot","General Entertainment"
"4cc7f3fe8c5b236ab73efc6d","alpha_bank","Bank"
"4cc96dc9d147a0934be1e6ae","goodyscom","Burger Joint"
"4ccdeb49511b236a022efac9","santorinigr","Port"
"4ccf1d6d063a721eddf69d9a","aegeanairlines","Plane"
"4cd26344158c5481a8d3aee4","dotsoftsa","Tech Startup"
"4cd41aeebaf2f04d9775b2a3","dana_weddings","Hotel"
"4cd900d01891236ab929390b","nyc_gr","University"
"4cda5ac6a1bba35da02e8ee5","novagreece","Electronics Store"
"4cda6d2f6ad1a09395fde556","iekdelta","Trade School"
"4ce1144c69136dcb6d23e7e6","sevenspot","Video Store"
"4ce273743644a093ca54629f","vodafone_gr","Mobile Phone Shop"
"4ce3762605f7a093ec9da028","coocafebar","Bar"
"4ce57c59023676eb370cebb9","karenmillen","Women's Store"
"4ce6fe0894daa090cbb01b29","neadiagonios","Greek Restaurant"
"4ce99d6fb5c35941e9e5698f","eurobank_group","Bank"
"4cf4cc3ecfb08eec1fbbf2be","winbank_tweets","Bank"
"4cf6b3e564e3721eedae22c8","sevenspot","Video Store"
"4cfa5a2920fe3704bdae4cf8","tigerhellas","Gift Shop"
"4cfe612b084f54813b399009","sevenspot","Video Store"
"4d012bde1ebe6dcbe0c58b91","napapijri","Clothing Store"
"4d09e97e86b0236ada8eb606","tommyhilfiger","Clothing Store"
"4d0a0bf95edd5481cb84039b","zara","Clothing Store"
"4d0f01f6c3dc3704bb423074","aegeanairlines","Plane"
"4d11c9d26360a35de59d8c88","nestoryannakis","Salon / Barbershop"
"4d12621c7a8ba1431cafc869","themethotel","Asian Restaurant"
"4d1288dad0fda0933395ac57","elgrecohotel","Hotel"
"4d12f625957fa1cd07f7719f","eurobank_group","Bank"
"4d1336fd2e583704e831ead1","jumbostores","Toy / Game Store"
"4d14a1e4e190721e60d10821","jumbostores","Toy / Game Store"
"4d15dc9b6d1037044fba2cbd","hyatttweets","Hotel"
"4d1a114cb15cb1f74b66c721","madmacsgr","Electronics Store"
"4d1b75751683a14395917d51","camper","Shoe Store"
"4d1b84c14ff98cfa38f9b23e","goodyscom","Burger Joint"
"4d1fd68270ca60fcfb8c2c5e","artsoundgr","Music Store"
"4d20c26ae56f6ea87cb5771d","nooon_cafe","Café"
"4d2456cfc5f2a1cd775452cf","petersportgr","Sporting Goods Shop"
"4d26eabab818a35db971868a","vodafone_gr","Mobile Phone Shop"
"4d2b2fc6342d6dcb20b013cb","abvassilopoulos","Supermarket"
"4d2daa3a762fa143bd477b64","splash_sauna","Bath House"
"4d31f704c75a6ea87e8409ae","goodyscom","Fast Food Restaurant"
"4d354fe5eefa8cfaf74a53b3","katerinazee","Design Studio"
"4d369c4a61a260fc1b24227b","spgamingnet","Internet Cafe"
"4d3c70b0d2c8f04d82a26172","todaystores","Convenience Store"
"4d3d616a8edf3704560ab9a5","alpha_bank","Bank"
"4d3db64b3ec9a35deee45381","body_shine","Tanning Salon"
"4d3fc369255d8cfa3ad05e05","pem_pat","Office"
"4d401a57adb6236af0fc8440","replaygr","Clothing Store"
"4d41654790f9224b752e0f1e","kotsovoloson","Electronics Store"
"4d43160fb6e73704b1788c09","globalsomango","Office"
"4d4ae1bb9526b60c38c686ee","alpha_bank","Bank"
"4d4d82af9ee1370454aa848b","lindyhopgreece","Dance Studio"
"4d51049e747f6dcbf30bbcd4","alpha_bank","Bank"
"4d51e496994dba7a91e517ec","remvibar","Café"
"4d59116e23e0a093f4524049","dei_gr","Building"
"4d592fe7700b8eecd0c96bdc","ststelios","Grocery Store"
"4d59fdec23e0a093b2c34a49","todaystores","Convenience Store"
"4d5d570c9c31b60c79b8beee","goodyscom","Fast Food Restaurant"
"4d5e4953865a224b27419085","dei_gr","Office"
"4d622c90ef378cfa35e193a6","petrosgentilini","Vineyard"
"4d6765e36ddb5941a286f46f","ammosrestaurant","Greek Restaurant"
"4d6e1cb6134ea14305a08a1a","don_dakius","Dentist's Office"
"4d6e3a76134ea143ba8c8c1a","eurobank_group","Bank"
"4d6e8e61134ea143ef57921a","zpalace","Hotel"
"4d6fe52a0187236aa7caa2ba","jumbostores","Toy / Game Store"
"4d700c1f0d996dcb4a41c08e","inspot","Internet Cafe"
"4d712b69aa38721e655ea125","vodafone_gr","Mobile Phone Shop"
"4d7222f15838a093d45e06db","eko_greece","Gas Station"
"4d74150c949854819059257e","nephelihotel","Hotel"
"4d75dc69f86fa1cde2fa79a8","smafroditi","Grocery Store"
"4d7759b6396f37041253a638","easybikegr","Tech Startup"
"4d7778e7396f3704de5da838","eurobank_group","Bank"
"4d7b22d6645ea35dea392df8","angolocafe","Café"
"4d7b6fdb34f7721ef102b225","eko_greece","Gas Station"
"4d7b72152b732c0f9f2385f5","speak_languages","General College & University"
"4d7c967dcf3f3704bedf5340","todaystores","Convenience Store"
"4d7cc89dea35236a9eeb5e23","royalhotelgr","Hotel"
"4d7d29fcea35236a795d6623","savvikos_1947","BBQ Joint"
"4d7f40e1870037043a668099","lindianvillage","Hotel"
"4d83652950913704da8d675b","eurobank_group","Bank"
"4d838c1781fdb1f7fa4be9bf","bsb_fashion","Women's Store"
"4d865091fb95d7ce414dde63","delipharmacy","Pharmacy"
"4d88a0cf3acc6dcba3690b1c","gregorysgr","Snack Place"
"4d88e77fbc848cfacb1fb72b","mango","Women's Store"
"4d8c594d5bd6f04d0ce6e328","themethotel","Restaurant"
"4d907a5f5dff8eecf9461ed0","winbank_tweets","Bank"
"4d907af75dff8eec674c1ed0","winbank_tweets","Bank"
"4d907f1b5dff8eecbf701ed0","winbank_tweets","Bank"
"4d907fa95dff8eecee751ed0","winbank_tweets","Bank"
"4d90a3d1788c54810cb568fd","taurushellassec","Miscellaneous Shop"
"4d9343ced176a1cd5f4935f0","latituderss","Office"
"4d94d806cf46224b1c5e9e94","sevenspot","Video Store"
"4d984e32b188721e69cd2437","mandoulides","Private School"
"4d98ea8fe07ea35df8d5fd02","todaystores","Convenience Store"
"4d99887f29352d435e7106c2","winbank_tweets","Bank"
"4d9989a329352d43667806c2","winbank_tweets","Bank"
"4d998bf029352d43678606c2","winbank_tweets","Bank"
"4d998db929352d43109206c2","winbank_tweets","Bank"
"4d99954b29352d4331c406c2","winbank_tweets","Bank"
"4d99f6a47cfc145665e24af6","jumbostores","Toy / Game Store"
"4d9b365973df8cfa872ef1ec","sevenspot","Video Store"
"4d9c881dffb92d43f6991b88","astarte_suites","Hotel"
"4d9f5adf8b5741bdacfe8240","ralphlauren","Clothing Store"
"4d9f6690865d5481bdff3413","ma_giw","Beach Bar"
"4d9f8ecaa77d816e94850509","bp_plc","Gas Station"
"4da05cfe58c2224bf25a5079","santorinimario","Greek Restaurant"
"4da0a40ebf22a143dcc587f8","lobbyclubstage","Nightclub"
"4da31f260f578cfabc91b118","eko_greece","Gas Station"
"4da34ce47ccc816e56277a7b","eko_greece","Gas Station"
"4da433f39935a0932ccbd76f","mediamarktgr","Electronics Store"
"4da496d8bf22a1431c94e1f8","ktelkefalonias","Bus Station"
"4da5512443a17958bea1b435","alpha_bank","Bank"
"4da59e464b2280544b604cf9","medfitnessgr","Gym / Fitness Center"
"4da5b213a86e226c26bc5d8e","tigerhellas","Gift Shop"
"4da5d5bb8154a54251c1010f","weddingssanto","Event Service"
"4da62b970f2ceb2f8ff672c6","aressanahotel","Hotel"
"4da9db514df01c19b17c12a5","hugoboss","Men's Store"
"4dab0a54561462f27d939038","thermesvillas","Hotel"
"4dac47ff1e72c1ab9c1b306f","smafroditi","Grocery Store"
"4daca0604df0c11fcb62f817","costacostabar","Beach Bar"
"4daeac608154d1d4886aa7c0","vodafone_gr","Mobile Phone Shop"
"4daebdf14b229076786ca44e","tango_santorini","Cocktail Bar"
"4daec2b343a1f97d919194cf","sani_resort","Hotel"
"4daee8551e7207bbeb19eb9b","themartgr","Warehouse Store"
"4db040b00437a93f7f705756","bp_plc","Gas Station"
"4db05bbe5da32cf2df480d0f","tbarpeople","Clothing Store"
"4db11e1a8154905aadba06f3","avis_greece","Rental Car Location"
"4db11ed143a1bea42bc499e8","2psthess","Fire Station"
"4db12ca193a06157684f9561","ambotis","Travel Agency"
"4db17db88154905aadc10e55","sephoragreece","Cosmetics Shop"
"4db19135a86e63d2116dc159","atlantisbooks","Bookstore"
"4db1f8c1cda14b702a523547","roadhousebeach","Beach Bar"
"4db2824a6a23c6f1b05d8a78","eurobank_group","Bank"
"4db6fd166a23c31a034a6c4b","eko_greece","Gas Station"
"4db70c2b6a23c31a034bcc1c","lartigiano","Pizza Place"
"4db7c82190a089592686cc6d","winbank_tweets","Bank"
"4db7cae190a089592686d5a0","winbank_tweets","Bank"
"4db7d0cf90a089592686ea9c","winbank_tweets","Bank"
"4db7d77e90a08959268700e8","winbank_tweets","Bank"
"4db7df1690a0895926871a8a","winbank_tweets","Bank"
"4db7e07590a0895926871f60","winbank_tweets","Bank"
"4db832f4a86e0cd3b66044b2","printroomgr","Paper / Office Supplies Store"
"4db8397304376df9976fea9d","sephoragreece","Cosmetics Shop"
"4dbb0fd44df044e524c0d639","porto_carras","Hotel"
"4dbd99a2815439392fb20e57","aegeanairlines","Plane"
"4dbe507e4df044e5250fdb25","kotsovoloson","Electronics Store"
"4dbe916c90a02849cbd8e74d","winbank_tweets","Bank"
"4dbe975390a02849cbd90228","winbank_tweets","Bank"
"4dbe991690a02849cbd90a7e","winbank_tweets","Bank"
"4dbe999e90a02849cbd90d54","winbank_tweets","Bank"
"4dbe9a5190a02849cbd9118c","winbank_tweets","Bank"
"4dbf948c4df0f8fd6b89f624","it_teithe_gr","College Technology Building"
"4dc2f7cd1f6ef43b89d7b2c3","heavensdoor5","Café"
"4dc40b18b0fb5556cccc7102","stradivarius","Women's Store"
"4dca5fdf091a7485b200661d","winbank_tweets","Bank"
"4dca6217091a7485b20070bd","winbank_tweets","Bank"
"4dca6314091a7485b2007619","winbank_tweets","Bank"
"4dca6498091a7485b2007e10","winbank_tweets","Bank"
"4dca65ec091a7485b2008553","winbank_tweets","Bank"
"4dca668d091a7485b2008897","winbank_tweets","Bank"
"4dca68b9091a7485b20094ae","winbank_tweets","Bank"
"4dca77b1091a7485b200eb7c","winbank_tweets","Bank"
"4dca7ee3091a7485b20117cf","winbank_tweets","Bank"
"4dca7fb9091a7485b2011dbf","winbank_tweets","Bank"
"4dca8112091a7485b20126a9","winbank_tweets","Bank"
"4dca822f091a7485b2012dec","winbank_tweets","Bank"
"4dcd38c3d4c065592f5fad66","swarovski","Jewelry Store"
"4dce5b1522718eed7a357afa","makedoniamall","Shopping Mall"
"4dce6318fa7664b7c6a5e3ec","eurobank_group","Bank"
"4dce7eb5c65bdac71361e128","chaplinfaliraki","Beach Bar"
"4dd01c93e4cd130e16907902","chris_bed_club","Government Building"
"4dd23bd745dd9197faf06fee","hondoscenter","Cosmetics Shop"
"4dd4a844ae60a78cec5c2b86","alpha_bank","Bank"
"4dd618ea814d85e931facbce","avis_greece","Rental Car Location"
"4dd7d3571838b8561cf059a6","sunpalace_rodos","Hotel"
"4dda24531520f8ce73d0dd05","gracehotels","Hotel"
"4ddbde4d81305a46dba1bc5b","kitchenwas","Advertising Agency"
"4dde70777d8bb03c06b3910c","cocomatworld","Mattress Store"
"4ddf689be4cde756db328c6c","sani_resort","Hotel"
"4de157077d8b2547eae97311","bp_plc","Gas Station"
"4de23aa92271bfb84495fd28","pkcocktailbar","Cocktail Bar"
"4de4859e18385df2b0561ea6","sani_resort","Hotel"
"4de4a859cc3fa786ac871291","avis_greece","Rental Car Location"
"4de4be4dd164df85753070b6","dei_gr","Office"
"4de4d4e0b3ad5eaa5aadb597","avis_greece","Rental Car Location"
"4de758ad2271b9ccf4da324e","eltrak","Office"
"4de75cb1fa7639614264c81b","aleacafebistro","Café"
"4deb8814d4c00071b83ecee1","tholosresort","Hotel"
"4dec7fb145dd3993a8bfdbf6","aldemar_resorts","Hotel"
"4dec9d68b0fb8293f80b196f","eurobank_group","Bank"
"4deccad022713dd973ce2f17","matzirisigns","Office"
"4decf5ff45dd64cbbd10c95c","onarvillas","Bed & Breakfast"
"4dedeb5145dd3aa41d6fd6f9","kotsovoloson","Electronics Store"
"4dee2a578130702032768e41","novagreece","Electronics Store"
"4dee2bac1fc7b24f441c4c23","novagreece","Electronics Store"
"4dee2ea0813070203276ae76","novagreece","Electronics Store"
"4dee303e813070203276bb5c","novagreece","Electronics Store"
"4dee30b1813070203276beea","novagreece","Electronics Store"
"4dee3107813070203276c194","novagreece","Electronics Store"
"4dee3405813070203276d825","novagreece","Electronics Store"
"4dee3d4d1fc7b24f441ccaa9","novagreece","Electronics Store"
"4dee43ae1fc7b24f441cf930","novagreece","Electronics Store"
"4dee44c8d22deb0316f264b1","aenaonvillas","Hotel"
"4def1d991f6e6d3541793d12","dentagr","Dentist's Office"
"4def57b181dcfb51be4431e5","novagreece","Electronics Store"
"4df2010088772e1f814d699f","obelixsantorini","Souvlaki Shop"
"4df25e297d8b18e1722ad400","pizzafan_tweet","Pizza Place"
"4df4d38e6284fefe8fc6f5ff","avrabeachresort","Resort"
"4df886711495b7db1b0eb933","avis_greece","Rental Car Location"
"4dfb67c5d164f73de7cce723","bp_plc","Gas Station"
"4dfc7f5ca809d61e2fbffc49","igeniusgr","Electronics Store"
"4dfcd5ab8877e9c4749416cd","studioslotos","Vacation Rental"
"4dff6a3945dd3320c882ec05","danairesort","Resort"
"4e004a9a18a8abfb3f69dc2e","dodoniicecream","Ice Cream Shop"
"4e00ca501838cb6a1acbd1b0","kirinihotel","Hotel"
"4e00d57b814d9dac7d527f82","vodafone_gr","Mobile Phone Shop"
"4e01a1ae1495692a4bb983b5","anatolia1886","High School"
"4e04381163653b7c0b3e5fbc","theoharidou","General College & University"
"4e043a1763653b7c0b3e6018","theoharidou","General College & University"
"4e05efc76284d9ee92cb8094","porto_carras","Resort"
"4e05f2ad1f6e21103383153d","ellinikothess","Meze Restaurant"
"4e073f8ad22d658532a49cf3","hotelmakarios","Hotel"
"4e077e8a8877394591e69bbb","paliaplaka","Greek Restaurant"
"4e088ddf14959022c89d1cc0","vodafone_gr","Mobile Phone Shop"
"4e0a2aa7483b98d417234bc4","artinweb","Tech Startup"
"4e0c3beec65bd1c17b6c1577","dei_gr","Building"
"4e0e13f17d8bb178a8a54bf8","eurobank_group","Bank"
"4e0efba0d4c0f6d6b3ff3596","atriumhotels","Hotel"
"4e12c3b81f6e671dd9f375cf","dei_gr","Government Building"
"4e143012ae60fe00dfdcb671","alpha_bank","Bank"
"4e145e09b0fb5dfdd07b0ab4","bazaarsm","Supermarket"
"4e1714d8aeb7e76b4f23b73d","senapolloblue","Hotel"
"4e171960a8090df1eca1d464","kykladesbar","Beach Bar"
"4e1735bf2271881f2053963b","savoyrhodes","Hotel"
"4e182e3bfa761946458e5ea7","eurobank_group","Bank"
"4e189c2f2271b0e971fdf863","pkalamatianos","Seafood Restaurant"
"4e1c0e3f7d8bdabfd0fa2df8","eanosrestaurant","Greek Restaurant"
"4e1d7186d4c08930995ce2ce","stelakis_beach","Taverna"
"4e1ff3521495f18f033ef1cd","alpha_bank","Bank"
"4e21898ec65b2b5e35474656","sundayresort","Hotel"
"4e272bb2d16486291ba7a9b4","mpakalikon","Steakhouse"
"4e28025eaeb75df8caa74e88","vodafone_gr","Mobile Phone Shop"
"4e29dca47d8b7deda6bf3b25","ochrebistro","Wine Bar"
"4e2a7d9b8877b69d49d5f31a","esperas_oia","Hotel"
"4e328d841f6e2137f93292ef","maisondeslys","Hotel"
"4e3291dd18a846d7ed088b6c","paphotels","Hotel"
"4e341b7418a8efdb17607f92","aida_de","Cruise Ship"
"4e380f00aeb7c8fe31776081","gnet_gr","Gaming Cafe"
"4e39013ed4c046ee86b58830","mercedesbenz","Automotive Shop"
"4e3908176284250071b943a6","eko_greece","Gas Station"
"4e390d7962e16ad099ee3763","mentacafebar","Wine Bar"
"4e3a67e4d164c429b72a19d6","petrinosuites","Hotel"
"4e3a74f345dd8bab9ffe63f1","alpha_bank","Bank"
"4e3c14c9ae60454236521e2f","hondoscenter","Cosmetics Shop"
"4e40ed1418a875a006a6332d","kipriotishotels","Hotel"
"4e4199512271cc7959682743","hotelorizontes","Hotel"
"4e42bd6b1495387dc48a4adc","bp_plc","Gas Station"
"4e42f8c262e1a67a6e57c590","art_maisons","Hotel"
"4e443c95483b132669d3c802","alpha_bank","Bank"
"4e4549d1b61c03d0ccfba316","lacoste","Clothing Store"
"4e48e2d9483b03d090ff5947","dodoniicecream","Café"
"4e4a394ad22d876aed16a878","eurobank_group","Bank"
"4e4a8d747d8b3dcca35ba527","petit_palace","Hotel"
"4e4b65396284a0b024b2b6e2","thekas79","Jewelry Store"
"4e4b966be4cde30b72851d83","ammosstores","Boutique"
"4e4bedc862e1ce23e57bd512","eurobank_group","ATM"
"4e4d0d4362e1e5f4671e7bf0","h_responsibilus","Athletics & Sports"
"4e4d73c4c65be7ec3abbd99f","alexanderinngr","Hotel"
"4e4e23d652b1e893ad483e26","eurobank_group","Bank"
"4e4e4a90aeb70f12848f3783","themethotel","Hotel Bar"
"4e4e825dd164978659bc542b","kotsovoloson","Electronics Store"
"4e5170c0d22daf51d2921531","agnantia","Hotel"
"4e5217c218381362f72a0dfc","vodafone_gr","Mobile Phone Shop"
"4e522147b61c097de6765ce9","alpha_bank","Bank"
"4e52286ad1643fe91637077b","vodafone_gr","Mobile Phone Shop"
"4e5266c53151e600e9155584","multirama_gr","Electronics Store"
"4e5387acd1641f4f818681fe","vodafone_gr","Mobile Phone Shop"
"4e5387fdd22d7b9b656d91c5","jourauthgr","College Communications Building"
"4e54c70ffa761d3de8404ce6","vodafone_gr","Mobile Phone Shop"
"4e54c831d164a1ac2f38cc46","sixtgreece","Rental Car Location"
"4e54e7cf45dd5c591f4f047e","kotsovoloson","Electronics Store"
"4e55f845a809ca773dfa7771","alpha_bank","Bank"
"4e55fa8f1838c793c071b5de","vodafone_gr","Mobile Phone Shop"
"4e563fd8227140cf12f1f096","beautystudiogr","Salon / Barbershop"
"4e567d2f52b12ddfc1e1ad06","flamingo_retail","Shopping Mall"
"4e56cc4ee4cd913a42f5a675","foreasainou","National Park"
"4e57cc1aaeb7eff130d0b60b","venus_victoria","Lingerie Store"
"4e5912ce18388cd5cb9de55d","daleonardo","Italian Restaurant"
"4e5bdd1618a8c204752b1faf","carlsberggreece","Brewery"
"4e5c979ad22dcfc93416268e","benetton","Clothing Store"
"4e5d31d4fa76a4cf148ffd6e","hotel_thassos","Hotel"
"4e60706d1520355eb67bdf2a","to_daylicious","Hot Dog Joint"
"4e62043d8877954de8005e43","hotelbluebay","Hotel"
"4e6396b9aeb736031567d309","eko_greece","Gas Station"
"4e64b3ab091afcffd9ef32a0","alpha_bank","Bank"
"4e674f73ae609d64bcd25b54","vicino_risio","Café"
"4e6fd057d22d8c11efc1325e","eurobank_group","Bank"
"4e6fd167149575ef5e81b04d","hondoscenter","Cosmetics Shop"
"4e725d41ae60854eea2aa717","diagonalgr","Dance Studio"
"4e72ee36b0fb38bb72aad141","alpha_bank","Bank"
"4e7331e4b3ad41a87c105177","sevenspot","Video Store"
"4e73748652b145ffbf91ff51","profitisilias1","Church"
"4e738a572271391c706421c3","vodafone_gr","Mobile Phone Shop"
"4e750b4bd1643f93b1c06e12","to_daylicious","Snack Place"
"4e75661cc65bb91db45c0d90","to_daylicious","Snack Place"
"4e76df6b1495be5171c0e362","argentobar","Café"
"4e78a1171f6ecf8d36a0ad89","vodafone_gr","Mobile Phone Shop"
"4e78af56a809f5bf7326918d","nikostudios","Bed & Breakfast"
"4e7c7934c65b16fe020212fc","fit4all","Office"
"4e7e10b27ee6ec38253018f7","eko_greece","Gas Station"
"4e8183c46da17415e635fc53","eurobank_group","Bank"
"4e81a185b634415754ae4dce","arcturosgr","Non-Profit"
"4e83003cbe7b92ebc8a8449d","kotsovoloson","Electronics Store"
"4e8595905503b4de733a432a","innovatiasyste","Building"
"4e86d7f40cd6559825e6e541","greenfamilygr","Organic Grocery"
"4e86e0cd0cd6559825e7b784","greenfamilygr","Health Food Store"
"4e8711062c5b5c22b07cd426","perissabay","Hotel"
"4e89871393ad8735a13f7f09","inspot","Internet Cafe"
"4e8acd5bd22dbf0a919cc489","eurobank_group","Bank"
"4e8afd6f0cd6c43cb1972d50","avis_greece","Rental Car Location"
"4e8afeb10cd6c43cb1975db8","avis_greece","Rental Car Location"
"4e8b03ed0cd6c43cb1982735","avis_greece","Rental Car Location"
"4e8b04580cd6c43cb19836d3","avis_greece","Rental Car Location"
"4e8b08890cd6c43cb198d6ed","avis_greece","Rental Car Location"
"4e8b0ab80cd6c43cb1992923","avis_greece","Rental Car Location"
"4e8b0b050cd6c43cb19934d6","avis_greece","Rental Car Location"
"4e8b0b840cd6c43cb19947f9","avis_greece","Rental Car Location"
"4e8b0c3a0cd6c43cb199645d","avis_greece","Rental Car Location"
"4e8b1d530cd6c43cb19bf6f5","avis_greece","Rental Car Location"
"4e8b1e2f0cd6c43cb19c1722","avis_greece","Rental Car Location"
"4e8d6262722e13d13ae029cc","thebodyshopgr","Cosmetics Shop"
"4e8d67ea775bde318a7b2a7f","maccosmetics","Cosmetics Shop"
"4e8f1f59dab4fa0eb99d404e","oifiloimas","Church"
"4e9033d230f81ec6ff600c52","chrisplanet","Clothing Store"
"4e91f11b775bfdaabce4685b","alpha_bank","Bank"
"4e92ca2dd22d95ed0d765fb3","pileahortiatis","City Hall"
"4e9685670aafdb60e08452d0","dei_gr","Government Building"
"4e983d536c25f528605ddda9","eurognosihq","College Communications Building"
"4e98412930f87b6eacbef980","eurognosihq","School"
"4e98469d82310543d2591afe","concorde_gr","School"
"4e98525b61af7d268f382bf2","eko_greece","Gas Station"
"4e9c54c01e176b6f1cb14a47","abvassilopoulos","Grocery Store"
"4e9c54c01e176b6f1cb14a4e","abvassilopoulos","Grocery Store"
"4e9c54c01e176b6f1cb14ad5","abvassilopoulos","Supermarket"
"4e9c54c11e176b6f1cb14b47","abvassilopoulos","Grocery Store"
"4e9c54c11e176b6f1cb14bca","abvassilopoulos","Supermarket"
"4e9c54c21e176b6f1cb14c1e","abvassilopoulos","Supermarket"
"4e9c54c21e176b6f1cb14c22","abvassilopoulos","Supermarket"
"4e9c54c21e176b6f1cb14c24","abvassilopoulos","Supermarket"
"4e9c54c21e176b6f1cb14c46","abvassilopoulos","Supermarket"
"4e9c54c21e176b6f1cb14c51","abvassilopoulos","Supermarket"
"4e9c54c21e176b6f1cb14ca1","abvassilopoulos","Grocery Store"
"4e9c66382da5e00a2e24da3f","eurognosihq","Trade School"
"4e9c66382da5e00a2e24da42","eurognosihq","Language School"
"4e9c66382da5e00a2e24da45","eurognosihq","Trade School"
"4e9c66382da5e00a2e24da46","eurognosihq","Trade School"
"4e9c66382da5e00a2e24da58","eurognosihq","Trade School"
"4e9c66392da5e00a2e24dabb","eurognosihq","Trade School"
"4e9c66392da5e00a2e24dad6","eurognosihq","Trade School"
"4e9c66392da5e00a2e24daee","eurognosihq","Trade School"
"4e9c66392da5e00a2e24db0d","eurognosihq","Trade School"
"4e9c66392da5e00a2e24db14","eurognosihq","Trade School"
"4e9c66392da5e00a2e24db42","eurognosihq","Language School"
"4e9c66392da5e00a2e24db48","eurognosihq","Trade School"
"4e9c66392da5e00a2e24db5b","eurognosihq","Trade School"
"4e9c66392da5e00a2e24db5c","eurognosihq","Trade School"
"4e9c66392da5e00a2e24db61","eurognosihq","Trade School"
"4e9c66392da5e00a2e24db66","eurognosihq","Trade School"
"4e9c66392da5e00a2e24db67","eurognosihq","Trade School"
"4e9c66392da5e00a2e24db6f","eurognosihq","Trade School"
"4e9c66392da5e00a2e24db79","eurognosihq","Trade School"
"4e9c66392da5e00a2e24db9f","eurognosihq","Trade School"
"4e9d357429c21955023b1f7a","winbank_tweets","Bank"
"4e9fd5ee0039b2cba464a091","windhellas","Mobile Phone Shop"
"4ea00418754ae603f5547002","windhellas","Mobile Phone Shop"
"4ea00de7754ae603f5557a9c","windhellas","Mobile Phone Shop"
"4ea046c40039b2cba4730a77","windhellas","Mobile Phone Shop"
"4ea145ed754a4819556e3ae8","windhellas","Mobile Phone Shop"
"4ea14678754a4819556e48fd","windhellas","Mobile Phone Shop"
"4ea16689754a48195571a2cf","windhellas","Mobile Phone Shop"
"4ea17747754a48195573a183","windhellas","Mobile Phone Shop"
"4ea1839b754a481955751e1b","windhellas","Mobile Phone Shop"
"4ea18e11e5facb29c6dfe9ec","alpha_bank","Bank"
"4ea192b2754a481955770336","windhellas","Mobile Phone Shop"
"4ea19546754a481955775a23","windhellas","Mobile Phone Shop"
"4ea2c61e8b81a02f89b7281d","voiceespresso","Café"
"4ea2e0ef99117fc56ca4a11d","bokaterina","Office"
"4ea502bff7909c68df2f2a47","alpha_bank","Bank"
"4ea528c3490102dac3bbb5d0","draxisenv","Office"
"4ea67f3b6da1ce87656e2ec1","dei_gr","Government Building"
"4ea69f2777c831bd1949e6fa","samtommy","Doctor's Office"
"4ea918062c5b8d39ca07f95b","alpha_bank","Bank"
"4eb0ef53be7bb9c3eeb8f6db","alpha_bank","Bank"
"4eb3b6a1e30006eb1159e908","to_daylicious","Snack Place"
"4eb58f03b634a04860370a7c","sevenspot","Video Store"
"4eb6583f7ee5024d7f67f991","womensagrco","Café"
"4eb7b1f0d5fb442a6782dff2","terranovastyle","Clothing Store"
"4eb81fcda17cab6128685306","itservices_sa","Office"
"4ebbb5f977c8d9bd1ba2a1b8","alpha_bank","Bank"
"4ebbdc189adf82e806566207","to_daylicious","Snack Place"
"4ebfe6620cd6d2a16f4fcfa5","villadespina","Bed & Breakfast"
"4ec3ee56be7b4ee610f42760","nike","Sporting Goods Shop"
"4ec8db5dd5fbfa048f3a3254","pastaspizzeria","Pizza Place"
"4ecb3ad9e5fab5d2b31ba9b8","eko_greece","Gas Station"
"4ecb7e0d0aaf5823e88b9126","alpha_bank","Bank"
"4ecd6a64754ad8083ea5dbea","ck_plus","Building"
"4ed0b0ae0e01f1a8802592ba","tegames","Tech Startup"
"4ed3e34200391535cd253203","scalaaparts","Hotel Bar"
"4ed4d43e61af8b867d0d4b30","teithelibrary","College Library"
"4ed78f14a17c6e17b5e53d06","electronetgr","Electronics Store"
"4ed7905ea17c6e17b5e577df","electronetgr","Electronics Store"
"4ed7962fa17c6e17b5e65e32","electronetgr","Electronics Store"
"4ed797c5e5fabbd8a0689202","hrc_samarites","Non-Profit"
"4ed88f1aa17c4dbad078084b","electronetgr","Electronics Store"
"4ed89004a17c4dbad078212f","electronetgr","Electronics Store"
"4ed8c530722e1da300322244","infokakiousis","Print Shop"
"4ed9ec36f790c045451e1a49","pull_and_bear","Clothing Store"
"4eda42422c5b50ab9e5e7651","goodyscom","Fast Food Restaurant"
"4edb2c7e2c5b50ab9f8c3ce7","kalamarischool","Middle School"
"4edf1c852c5b1dfcba2908db","vodafone_gr","Mobile Phone Shop"
"4ee0db2193ad1adedc361e65","eko_greece","Gas Station"
"4ee0dc9f7ee54945fe4817bd","makthes","Office"
"4ee1e3e7f9f47646d7a7a28a","alkis164","Office"
"4ee1efa861aff90fe40ac07f","eurobank_group","Bank"
"4ee489f8e4b04d23e114a678","noufara","Music Venue"
"4ee5c2920e011d5247621244","eurobank_group","Bank"
"4ee8797330f83ed82ae840e8","tvcosmetics","Office"
"4ee89cebb6342cffb4ba80b6","egnatiatv","TV Station"
"4ee8f6c56da18ad5d591ea9b","hcoastguard","Police Station"
"4ef05735490178f61bfebc85","eurobank_group","Bank"
"4ef19cc39adfcbc0abc210ee","alpha_bank","Bank"
"4ef21ca60e015e413aa7025f","themethotel","Spa"
"4ef2fad8c2ee7226a9fc8613","sgiannikis","Pharmacy"
"4ef3c3060e011df7b85b278d","todaystores","Convenience Store"
"4ef467bbb8f77e0f97dd69a4","vodafone_gr","Mobile Phone Shop"
"4ef486842c5b6efc371583b4","bp_plc","Gas Station"
"4ef4b52929c24e3536cebded","vitansa_","Yoga Studio"
"4ef4d0f60e011df7b95f2b80","accessorizegr","Accessories Store"
"4ef5e0349a52c9083fd3eca3","abvassilopoulos","Grocery Store"
"4ef60132722e34060e1c5322","hondoscenter","Cosmetics Shop"
"4ef601f8c512f227776f725b","alpha_bank","Bank"
"4ef8e411c2ee9f84857973af","hausofmilo","Café"
"4ef9be058b81ef98d2a72fdd","fycthessaloniki","Frozen Yogurt Shop"
"4ef9d4c6b63446a50ac74794","vodafone_gr","Mobile Phone Shop"
"4efc0aef77c822653f08c538","physiomedmic","Medical Center"
"4efef8d8f790570bd1529010","bershka","Shoe Store"
"4f09f546e4b0c3ff857e6369","athos_taverna","Taverna"
"4f0b308ed5fbcc4f3df537ea","sisterbratz","Rest Area"
"4f0b38d4e4b05dd3a5f24147","sevenspot","Video Store"
"4f1027cfe4b0042052ecad15","pull_and_bear","Clothing Store"
"4f10682ee4b03856ef33658a","colorsrooms","Bed & Breakfast"
"4f13d8ede4b0958ec3a3d849","eko_greece","Gas Station"
"4f140a95e4b0297e58cec0ef","bp_plc","Gas Station"
"4f1534bae4b0297e59f62a87","alpha_bank","Bank"
"4f168a3ae4b04b3f086036cd","noplangr","Office"
"4f186bede4b0ebf9e4b105de","dimitrisplatis","Salon / Barbershop"
"4f19cbe6e5e8318974552ac8","nespresso","Coffee Shop"
"4f1af31de4b07beffd6e22e9","to_daylicious","Snack Place"
"4f1c43fce4b0f67a97969bfd","aeolosrentacar","General Travel"
"4f1c5af3e4b0f67a97b211a6","todaystores","Convenience Store"
"4f1d7766e4b0f271e8b6eb0f","sakisxat","Café"
"4f1fd7c4e4b037d57e4388d3","kotsovoloson","Department Store"
"4f211078e4b0a02157cfe755","kotsovoloson","Convenience Store"
"4f22816e754aa9d40321c835","compulangr","Building"
"4f28073ae4b0b50174818d21","intersportgr","Sporting Goods Shop"
"4f297a31e4b0f07a96369241","gymandtonicgr","Gym / Fitness Center"
"4f2c0eede4b0aa4f6ce0e4d9","mikelccgr","Coffee Shop"
"4f2d008be4b0077259f3a3d6","radio1rodos","Radio Station"
"4f315a31e4b013bb06ff000d","sephoragreece","Cosmetics Shop"
"4f316263e4b010a3c01e33a8","oxigono","Bookstore"
"4f324111e4b08cb90cd84f5a","alpha_bank","Bank"
"4f36f9b3e4b00af17986cef0","inspot","Internet Cafe"
"4f375c9fe4b0f4cfde8fa0e6","smartsmokegr","Vape Store"
"4f3791234fc64328d5fb4551","kelyfos","Resort"
"4f38fd1ae5e88edbd8ea61be","grecotelhotels","Resort"
"4f3a5810e4b03d32df8dd5cc","stefanegio","Men's Store"
"4f3d22a1e4b0a92482bce0d9","skokkini","Gym / Fitness Center"
"4f3d73efe4b02e31120ad011","troisthessaloni","Nightclub"
"4f3f5189003932281b048404","gr","Smoke Shop"
"4f424a81e4b0f4a9fc54982b","tsitsiklistyres","Automotive Shop"
"4f45fe04e4b01fefa090f832","eurobank_group","Bank"
"4f47bdf2e4b0dd9bf372d019","eurobank_group","Bank"
"4f4ad32ee5e8cf3fd25a3c30","dendrolivanogr","Hotel"
"4f4dd2f3e4b0657aa5b8e336","eurobank_group","Bank"
"4f4e064ee4b051dc48f000a6","alpha_bank","Bank"
"4f4e0cb9e4b05ebee5830bec","burlesquegr","Café"
"4f52298de4b028a91efdf58e","liontransfer","Taxi"
"4f526974e4b0c416045af83b","pizzadoros","Pizza Place"
"4f55160c003933e2e7055964","kyriakisaouli","Doctor's Office"
"4f55cac3e4b0398c6e235296","starfm935drama","TV Station"
"4f55d929e4b005c47fb20348","elcthessaloniki","College Classroom"
"4f566258e4b06d72393ddd58","hotelnikopolis","Italian Restaurant"
"4f573c3ee4b060fb2fa1330e","dei_gr","Building"
"4f5e338ae4b0a3bd25240e8a","eko_greece","Gas Station"
"4f623758e4b0233fb400c6a3","ststam","Office"
"4f62d391e4b03a7cdf6d5b8b","aegeanairlines","Plane"
"4f6482bae4b0c65cc44f26d9","geoxrisos","Salon / Barbershop"
"4f660043e4b0c65cc5a6d057","nextweb","Coworking Space"
"4f66027fe4b0656126317ca9","sevenspot","Video Store"
"4f686c4be4b0c2cd00696a95","monadaelpida","Non-Profit"
"4f6a039ee4b09199cf4d6249","plaisiocomp","Electronics Store"
"4f6b6109e4b082bd4b81c721","themartgr","Warehouse Store"
"4f6c568ee4b09530ad37b32b","mama_s_taper","Greek Restaurant"
"4f6c81c6e4b0463c92c9d8ea","marmitaskitchen","General Entertainment"
"4f6f6bdae4b02a6d69c4cad6","to_daylicious","Snack Place"
"4f7018fde4b0e3b3bf5520ad","alpha_bank","Bank"
"4f7026394fc6d87de4403d81","learningevo","Office"
"4f71920de4b0e8c4821f41ef","dei_gr","Building"
"4f71e4bae4b090ee3ef045ff","mediamarktgr","Electronics Store"
"4f722105e4b064125e5f3a4d","venusfitclub","Gym"
"4f745a5ce4b08bf0db865796","bp_plc","Gas Station"
"4f758bd6e4b0ca03a30d3bdf","eurobank_group","Bank"
"4f75cbb97beb90b36ea63a19","oxettejewellery","Jewelry Store"
"4f75cbb97beb90b36ea63a1e","oxettejewellery","Jewelry Store"
"4f75cbba7beb90b36ea63a1f","oxettejewellery","Jewelry Store"
"4f75cbba7beb90b36ea63a21","oxettejewellery","Jewelry Store"
"4f75cbba7beb90b36ea63a25","oxettejewellery","Jewelry Store"
"4f75cbba7beb90b36ea63a2a","oxettejewellery","Jewelry Store"
"4f75cbba7beb90b36ea63a2b","oxettejewellery","Jewelry Store"
"4f75cbba7beb90b36ea63a2d","oxettejewellery","Jewelry Store"
"4f75cbba7beb90b36ea63a48","oxettejewellery","Jewelry Store"
"4f75cbba7beb90b36ea63a4c","oxettejewellery","Jewelry Store"
"4f75d51de4b04e9a8aaaefb7","hairmides","Salon / Barbershop"
"4f76aedc121da61ac55d1524","visionca","Electronics Store"
"4f7854b1e4b0c8b498e075b6","eko_greece","Gas Station"
"4f795f7be4b06336495677ed","eurobank_group","Bank"
"4f79c4617716bb53304869f7","matinapefkos","Hotel"
"4f79c69d7716bb533048a999","pefkosvillagere","Hotel"
"4f79eb07d4f2c803d0e32c13","lufthansa","Plane"
"4f79eb08d4f2c803d0e32c18","lufthansa","Plane"
"4f79eb08d4f2c803d0e32c25","lufthansa","Plane"
"4f79eb08d4f2c803d0e32c2b","lufthansa","Plane"
"4f79eb08d4f2c803d0e32c34","lufthansa","Plane"
"4f79eb0fd4f2c803d0e331b2","lufthansa","Plane"
"4f7a97ec6d8607e1e350cc18","petpanagiotou","Pharmacy"
"4f7b36e3e4b0ec7f4bfcde64","iasisplus","Pharmacy"
"4f7bfe41e4b00233043d8253","vodafone_gr","Mobile Phone Shop"
"4f7ea5a3e4b0a4349aa61717","bp_plc","Gas Station"
"4f7f02c7e4b049fd33a339c2","ntentopoulos","Design Studio"
"4f803f82e4b042dc208cfd16","todaystores","Convenience Store"
"4f80a164e4b0a458ba347d21","to_daylicious","Snack Place"
"4f81610f6b74b0c0736e1f58","myrtosa","Bed & Breakfast"
"4f81bb9fe4b0bf6ccab2c92a","sevenspot","Video Store"
"4f82efdfd4f208b5bd479001","spg","Restaurant"
"4f830799e4b0c0cb05e5107c","vodafone_gr","Mobile Phone Shop"
"4f831116be77bf5b12bb6bc6","cwigr","Office"
"4f83c259e4b0163076bb9886","alpha_bank","Bank"
"4f843dd50039b22c78e39235","gnet_gr","Gaming Cafe"
"4f84d44de4b0ab310a3f10f2","eradio","Tech Startup"
"4f8680a5a17c5873a878fc98","chaplinfaliraki","Hotel Pool"
"4f8718d57b0c6e1151dc3a24","asaoulidis","Office"
"4f87fb18e4b0202c04d58f87","iosifinaphoto","Photography Lab"
"4f8831a0e4b00a6260b49759","tutto_per_casa","Furniture / Home Store"
"4f889421e4b0cec3aa738256","stegnakozas","Seafood Restaurant"
"4f8bf1c2c2ee9c12b8cf03e7","heavymelon","Tech Startup"
"4f8c32bee4b07efba05a81e2","bp_plc","Gas Station"
"4f8c5faae4b0c71a7481eeae","mpoulieris","Nightclub"
"4f8d15b6e4b0704732ea92d5","nikpekridis","Photography Lab"
"4f8d3eb6e4b013a983f7858e","dei_gr","Conference Room"
"4f8eeb06e4b0bdaf06dcce35","kalafatisst","Office"
"4f8fe1f9e4b0c387d4eb4449","to_daylicious","Snack Place"
"4f9171dae4b0a9b8bd26c2aa","gnet_gr","Gaming Cafe"
"4f927eb5e4b0a20c25ae5735","tsiokas_xarhs","Office"
"4f92fb7ee4b07b0225e6d807","to_daylicious","Snack Place"
"4f93348be4b01cffa18a02d7","mistralbar","Cocktail Bar"
"4f953122e4b0f08d41550276","makedoniatv","TV Station"
"4f97a974bb3d0171eea64e18","gnet_gr","Gaming Cafe"
"4f97abacbb3d0171eea6767c","gnet_gr","Gaming Cafe"
"4f97ade9bb3d0171eea6a00f","gnet_gr","Gaming Cafe"
"4f99bc06e4b0e5d2a75ce1fa","mallioras","Grilled Meat Restaurant"
"4f9a6766e4b04f3d07ce1eda","eurobank_group","Bank"
"4f9a8e8fd5fb4ed666fb631c","avancerent","Rental Car Location"
"4f9a93efe4b033dc29873f07","team_agency","Office"
"4f9be4abe4b0de62677d7f0e","topgreekgyms","Gym / Fitness Center"
"4f9d69c8e4b033ffd4a9ed73","to_daylicious","Snack Place"
"4f9e3972e4b008dde30b02e2","dei_gr","Factory"
"4f9e9479e4b01764677f17af","ammoscafe","Café"
"4fa0d09be4b033a859c2a066","athinasuites","Hotel"
"4fa3acd0e4b0862c73a871b5","alpha_bank","Bank"
"4fa7e4ffe4b0d90527611093","isonnearedestos","Language School"
"4fa8fff0e4b038d0ab4c57a2","elixirstudio","Gym / Fitness Center"
"4fab7fe2e4b0a76594e94a02","alpha_bank","Bank"
"4fabaf6de4b01a059d427458","andronisgroup","Hotel"
"4fabbf9fe4b07dbb597772eb","theodoulidis","Electronics Store"
"4fad384d121d27340b3c51b7","cbanio","Furniture / Home Store"
"4fae4dffe4b0c546fa7273f6","coririgas","Hotel"
"4fae6f7ee4b05b8b55e2ea92","gaiawines","Winery"
"4fb074cce4b0e047b2b561cc","aegeanairlines","Plane"
"4fb0b4da7b0c8f8065270f8e","libkavala","Library"
"4fb35353e4b02908319d1d86","bnspro","Office"
"4fb5fa3ce4b03322463b345c","webmediastudio","Office"
"4fb6382fe4b0f8fec7e639cc","vodafone_gr","Mobile Phone Shop"
"4fbb5e36e4b0e77752e90134","alpha_bank","Bank"
"4fbdd0cee4b0020ade58ee6f","vodafone_gr","Mobile Phone Shop"
"4fbf3f95e4b050ce63c10a99","alpha_bank","Bank"
"4fbf96ede4b066c6454d310d","greek_pharmacy","Medical Center"
"4fbfe96c6d8665bdde03c161","theopist","Hotel"
"4fc0dfece4b01f4bd1e0a644","cocomatworld","Mattress Store"
"4fc36c7fe4b089f18cbbf603","eurobank_group","Bank"
"4fc37388e4b08ebeff29a7d0","cafeza","Office"
"4fc5dd09e5e8be84c8e8ce60","farmakeiohp","Pharmacy"
"4fc60fd4c2ee989aa4d33671","iliomarethassos","Resort"
"4fc61117c2ee989aa4d3655e","novalisterra","Housing Development"
"4fc61a22c2ee989aa4d477ee","iliomarethassos","Resort"
"4fc63d59754ad9955e634406","to_daylicious","Snack Place"
"4fc72c28e4b08f659ee4c008","makeawishgreece","Office"
"4fd1a4b1e4b0fd4c8ff33958","veltio","Office"
"4fd31a4b6d86634a1b6cbf9c","heavensdoor5","Bar"
"4fd39fe4e4b065401aa74502","to_daylicious","Snack Place"
"4fd3c3abe4b0f961a7dcae78","todaystores","Convenience Store"
"4fd45ae9e4b0aa9a72a56d39","villachalkidiki","Vacation Rental"
"4fd73fdfbe77b2ffdcecbece","biscotto2310","Office"
"4fd7dda0e4b0bb21997b005d","avrahotel","Bed & Breakfast"
"4fd8b240e4b00acf823c63f6","nikolaosp4","Electronics Store"
"4fd8fae8d065f365d67e0f36","_follifollie","Jewelry Store"
"4fd8fae8d065f365d67e0f37","_follifollie","Jewelry Store"
"4fd8fae8d065f365d67e0f4d","_follifollie","Jewelry Store"
"4fd8fae8d065f365d67e0f4f","_follifollie","Jewelry Store"
"4fd8fae9d065f365d67e1050","_follifollie","Jewelry Store"
"4fdb4609e4b0d7bcf02d91b4","pisines","Pool"
"4fdc53b8e4b05197cd2a6bc7","dim.giannelis","Seafood Restaurant"
"4fde4efde4b0ede382b53fdf","georgalashotel","Resort"
"4fdefa09be77dde69e9f0328","sohosfm","Fast Food Restaurant"
"4fdf437ce4b0735a6efcc636","aristoteleioedu","Private School"
"4fdf59d4c5931dd6ce7e22b5","vodafone_gr","Mobile Phone Shop"
"4fdf59d5c5931dd6ce7e22dc","vodafone_gr","Mobile Phone Shop"
"4fdf59d6c5931dd6ce7e2325","vodafone_gr","Mobile Phone Shop"
"4fdf59d6c5931dd6ce7e232c","vodafone_gr","Mobile Phone Shop"
"4fdf59d6c5931dd6ce7e2336","vodafone_gr","Mobile Phone Shop"
"4fdf59d6c5931dd6ce7e233b","vodafone_gr","Mobile Phone Shop"
"4fdf59d6c5931dd6ce7e233e","vodafone_gr","Mobile Phone Shop"
"4fdf59d6c5931dd6ce7e2345","vodafone_gr","Mobile Phone Shop"
"4fdf59d6c5931dd6ce7e234c","vodafone_gr","Mobile Phone Shop"
"4fdf59d6c5931dd6ce7e234d","vodafone_gr","Mobile Phone Shop"
"4fdf59d6c5931dd6ce7e234e","vodafone_gr","Mobile Phone Shop"
"4fdf59d6c5931dd6ce7e2354","vodafone_gr","Mobile Phone Shop"
"4fdf59d6c5931dd6ce7e2357","vodafone_gr","Mobile Phone Shop"
"4fdf59d6c5931dd6ce7e2358","vodafone_gr","Mobile Phone Shop"
"4fdf59d6c5931dd6ce7e2362","vodafone_gr","Mobile Phone Shop"
"4fdf59d6c5931dd6ce7e2364","vodafone_gr","Mobile Phone Shop"
"4fdf59d6c5931dd6ce7e236b","vodafone_gr","Mobile Phone Shop"
"4fdf59d7c5931dd6ce7e236d","vodafone_gr","Mobile Phone Shop"
"4fdf59d7c5931dd6ce7e2376","vodafone_gr","Mobile Phone Shop"
"4fdf59d7c5931dd6ce7e2386","vodafone_gr","Mobile Phone Shop"
"4fdf59d7c5931dd6ce7e2398","vodafone_gr","Mobile Phone Shop"
"4fdf59d7c5931dd6ce7e23b1","vodafone_gr","Mobile Phone Shop"
"4fdf59d8c5931dd6ce7e23b6","vodafone_gr","Mobile Phone Shop"
"4fdf59d8c5931dd6ce7e23ba","vodafone_gr","Mobile Phone Shop"
"4fdf59d8c5931dd6ce7e23bd","vodafone_gr","Mobile Phone Shop"
"4fdf93f1e4b0357b858ccdd0","cskyinfo","Hotel"
"4fe0a6abe4b0c602e5bd7ef4","cathrinhotel","Resort"
"4fe2f01de4b061f3974afc0a","eurobank_group","Bank"
"4fe428c0e4b056dc1b83f41c","eurobank_group","Bank"
"4fe479c8e4b0de20a35ff848","cplusbeauty","Spa"
"4fe4b4c9e4b0a9474a28e1a6","domarhodes","Café"
"4fe5519be4b01b7b6b99f64a","to_daylicious","Snack Place"
"4fe6f8f54fc678c7441fb118","leivathohotel","Resort"
"4fe74095e4b0faa0b99cc2f3","eko_greece","Gas Station"
"4feac88183023e87bae36f82","sakisinterhome","Office"
"4ff018bd3950fa41d9f79345","thassosparadise","Bed & Breakfast"
"4ff171bfe4b05df964b40947","alpha_bank","Bank"
"4ff30d6f067d750fda78fc26","olochroma","Jewelry Store"
"4ff6e589e4b083d14c0cfe34","melimelihotel","Hotel"
"4ff7e5dde4b042cc2a9dc1bb","www.hotelsyrtaki.gr","Bed & Breakfast"
"4ffbda75e4b02d09f9ca0808","petco_smeg","Furniture / Home Store"
"4fff6589e4b086e5a7175ca1","alpha_bank","Bank"
"4fffe12ce4b02026df01da84","publicstores","Electronics Store"
"50017acbe4b06407f6af3051","villa1alexandra","Vacation Rental"
"5002e031e4b021927e2fbb82","bp_plc","Gas Station"
"5004431590e7577d4b288cab","marinetltd","Office"
"50058433e88978a443a2c7f8","lindianvillage","Thai Restaurant"
"5006b4c7e4b0de607cc6519c","todaystores","Convenience Store"
"5007e11f29a66199a8a4669e","splendourresort","Hotel"
"50093287e4b02b1cbab8d9db","visitgreecegr","Tourist Information Center"
"500aa55ae4b08ffd59951ca8","eko_greece","Gas Station"
"500d55bcf31c9784e0dfccb1","marina_stores","Miscellaneous Shop"
"500de119067d0cf9b4667c0e","ammouliani","Hotel"
"500de1eb067d0cf9b4668f78","alikescamping","Hotel"
"500e5cbee4b01248665fca19","bp_plc","Gas Station"
"500ea78de4b08b8aba4b6deb","silenziogreece","Men's Store"
"500fd59ae4b05969b6cead34","marketgalaxias","Supermarket"
"50118b42e4b0b96016ecf8df","liveloulasandal","Gift Shop"
"50162925e4b0dbe1592de5a0","triton_cruises","Cruise Ship"
"501d60bee4b0f873f8140688","boutique5hotel","Hotel"
"501e7fa7e4b05160dd95555f","ersivillas","Hotel"
"501fefa0067dc7c15d2d6386","chillboxgreece","Frozen Yogurt Shop"
"50213b4ae4b0023302327d7b","cristiansutu","Beach"
"5023455ce4b0e35231727832","eko_greece","Gas Station"
"5024f143e88928412d986352","cartridgegreece","Paper / Office Supplies Store"
"50253259e4b0370467d4d00b","intersportgr","Sporting Goods Shop"
"5028eb96e4b064c42d3a3aac","bp_plc","Gas Station"
"502cc08fe4b060c1a419cc84","eko_greece","Gas Station"
"5031053de4b0504d9f236c4e","_afrodites_","Greek Restaurant"
"5031ff93e4b0eed9c4c29c59","bp_plc","Gas Station"
"5033568f1648095c7f3c2d63","vagpar","Dentist's Office"
"5034ac5ae4b058e0ff174779","eko_greece","Gas Station"
"5034e685e4b098e3f9a5895d","brigitte_boutiq","Boutique"
"50367bc590e707f801884477","thessalonikiua","General Travel"
"503c559ce4b0fa23d447b172","portes_beach","Hotel"
"503ca336e4b02f4f63726bbf","dei_gr","Office"
"503ca8f5e4b031746f549d56","afisestelos","Recycling Facility"
"503d9dd4e4b0cb0cfc240f49","rhodes_hotels","Restaurant"
"503fa116e4b0831ca7b948f9","pharmcaregr","Pharmacy"
"503fd9bef136f16c2f2efd43","alexanderhaus","Hotel"
"5040d9a08acab3f2548aed22","spoonthess","Café"
"50410efc52621bf519a7c55e","multishoptobacc","Smoke Shop"
"5045b47af2e7cca8e91d261f","roninkendoclub","Athletics & Sports"
"504621bbfe70794038f9db6a","furnituregreece","Furniture / Home Store"
"50486103e4b06096d270b71d","eurobank_group","Bank"
"5049eb12e4b0feb6f02a0e4d","eurobank_group","Bank"
"504d8f3de4b0ef19b1a255aa","alexandrospas","Hotel"
"504e1cade4b0f7c8cfda4245","athoscuba","Dive Spot"
"504fa4ba3d7c8625176ca96d","windhellas","Mobile Phone Shop"
"504fa4ba3d7c8625176ca96e","windhellas","Mobile Phone Shop"
"504fa4ba3d7c8625176ca971","windhellas","Mobile Phone Shop"
"504fa4ba3d7c8625176ca998","windhellas","Mobile Phone Shop"
"504fa4ba3d7c8625176ca99f","windhellas","Mobile Phone Shop"
"504fa4ba3d7c8625176ca9a0","windhellas","Mobile Phone Shop"
"504fa4ba3d7c8625176ca9a3","windhellas","Mobile Phone Shop"
"504fa4ba3d7c8625176ca9a5","windhellas","Mobile Phone Shop"
"504fa4ba3d7c8625176ca9a6","windhellas","Mobile Phone Shop"
"504fa4ba3d7c8625176ca9a8","windhellas","Mobile Phone Shop"
"504fa4bb3d7c8625176ca9aa","windhellas","Mobile Phone Shop"
"504fa4bb3d7c8625176ca9ab","windhellas","Mobile Phone Shop"
"504fa4bb3d7c8625176ca9ac","windhellas","Mobile Phone Shop"
"504fa4bb3d7c8625176ca9ad","windhellas","Mobile Phone Shop"
"504fa4bb3d7c8625176ca9b4","windhellas","Mobile Phone Shop"
"504fa4bb3d7c8625176ca9be","windhellas","Mobile Phone Shop"
"504fa4bb3d7c8625176ca9c0","windhellas","Mobile Phone Shop"
"504fa4bb3d7c8625176ca9c1","windhellas","Mobile Phone Shop"
"504fa4bb3d7c8625176ca9d8","windhellas","Mobile Phone Shop"
"504fa4bb3d7c8625176ca9e2","windhellas","Mobile Phone Shop"
"504fa4bb3d7c8625176ca9e3","windhellas","Mobile Phone Shop"
"504fa4bb3d7c8625176ca9e6","windhellas","Mobile Phone Shop"
"5050b63ee4b0dd1afe0df670","anabiosisa","Medical Center"
"50562100e4b017bb26f36487","flisvosestiatoriokafe","Greek Restaurant"
"505725fee4b0244ddf9cc6ab","pointblank_gr","Office"
"5059a658e4b0cd60fef60c09","eurobank_group","Bank"
"5059c194e4b01b7ff5e43310","mynewdenim","Clothing Store"
"5059c9da8acae831db4c08ac","pellet24","Furniture / Home Store"
"505c1b57e4b06d1d2a535305","fabiozardi","Event Service"
"50634a25183f10b6f3077de3","anthimariaapart","Hotel"
"50641885e4b05840d8324e95","alpha_bank","Bank"
"50648f41e4b02f3d6de71db5","tea_route","Gourmet Shop"
"506494a6e4b011670f394275","aldemarhotels","Auditorium"
"50656665e4b08514ab4597d3","alpha_bank","Bank"
"5066ab48e4b03c3d3a74ed03","efantasygr","Hobby Shop"
"50695303e4b0f328e0dbc153","eurobank_group","Bank"
"506aa323e4b070cad7845de3","beerealestate","Office"
"506c15ade4b00cbe631f74f3","eko_greece","Gas Station"
"506f0c60e4b052d994ab84c5","bershka","Clothing Store"
"50726b26e4b0b4d369698bf0","dei_gr","Government Building"
"5072a991e4b01a359a0cdd1d","cinetopo","Student Center"
"507c13b8e4b06fd3ab42b705","sxediastinpoli","Non-Profit"
"507ee57de4b0b161f00076c8","inspot","Internet Cafe"
"5086ab72f31c18f69e7dd873","lidafootwear","Shoe Store"
"5087d312e4b0db09602e2e28","vodafone_gr","Mobile Phone Shop"
"508909e4582fda63d2d7d800","eurognosihq","School"
"508a3eb6e4b0e1fc29f868cc","mikelccgr","Coffee Shop"
"508d6c3ce4b04ae5908d21d5","celestyalcruise","Cruise Ship"
"5090041ae4b014dc941003d6","alpha_bank","Bank"
"5090dde1e4b085028058357d","hellasgoldsa","Factory"
"50917f30e4b014dc94dea561","moustakastoys","Toy / Game Store"
"5095039be4b0e34d629f04a9","jumbostores","Toy / Game Store"
"5096df9be4b08e0dbf219599","bp_plc","Gas Station"
"50995b15e4b0ed8e2b7ec162","greenfamilygr","Health Food Store"
"50999e38b0b9ccfdf6e61126","ubb_bg","Bank"
"509bcb6fe4b0a2dcaaebf5cd","ikea_gr","Furniture / Home Store"
"509bd0f3e4b0ab897f3b3651","jumbostores","Toy / Game Store"
"50a4a8c5e4b0521a6c798ba4","anamo","Tech Startup"
"50a4db04e4b09550e376b402","smafroditi","Grocery Store"
"50aa6c08e4b0b2e8c0fc6a8c","sv2hrt","School"
"50b25ac6e4b06cad40c0dba1","mikelccgr","Coffee Shop"
"50b8b8c1e4b0073faa8d8af2","ziz_","Electronics Store"
"50bb1cb7e4b07607384cbcd2","konstandinidis_","Dessert Shop"
"50bdfe9f183f8c83cf2c9189","tosergiani","Dance Studio"
"50be31a5d63e309279e8ac6f","metro_cashcarry","Warehouse Store"
"50be3216d63e309279e8bf23","metro_cashcarry","Warehouse Store"
"50be3285d63e309279e8d088","metro_cashcarry","Warehouse Store"
"50be3505d63e309279e9394e","metro_cashcarry","Warehouse Store"
"50be368b80555673edad9f30","metro_cashcarry","Warehouse Store"
"50be388fe4b0b26f1ecbe713","sephoragreece","Cosmetics Shop"
"50c0633fe4b0b8feec39656e","mikelccgr","Coffee Shop"
"50c24a72498eb4ce45b78d19","sv2hrt","School"
"50c4739fe4b09610f35f0b63","mikelccgr","Coffee Shop"
"50c84131e4b0432e7076bc99","thebodyshopgr","Cosmetics Shop"
"50ce085ee4b0fb9333497678","offrhodesadv","Other Great Outdoors"
"50d17eb719a920892e18054e","mersinias","Doctor's Office"
"50d6f9e18302d45677959b06","msbswim","Sporting Goods Shop"
"50d74246e4b0ca303f778a7f","sevenspot","Video Store"
"50dad5b0e4b0590916631fde","coffeeislandco","Coffee Shop"
"50dd6130e4b0115554e0816a","dei_gr","Building"
"50e1bc3d39506f986841f6ba","littlelindos","Hotel"
"50e3fa09011c10ca3a237e08","wine_adventure","Travel Agency"
"50e3fe0ee4b0bb7af8ac6bd9","websthetics","Tech Startup"
"50e44a51e4b0b781c287c850","alikescamping","Campground"
"50e54dafe4b0868ca1759951","visithalkidiki","Government Building"
"50e732e0e4b0485147a84602","designersuntd","Design Studio"
"50e91cb9e4b036fe534a0ec3","greek_pharmacy","Pharmacy"
"50ebd34ce4b0aaf3b6d494c8","delta4sa","Building"
"50ebdcb5f2e76d8a97fee367","yogenfruzgr","Frozen Yogurt Shop"
"50eda0a8e4b09df444774096","madgymthess","Gym / Fitness Center"
"50edb507e4b0da7c9ab3df69","alkin00s","Movie Theater"
"50edc90de4b0385a578cd67f","totsai_thes","Tea Room"
"50eff664e4b08e1eda883367","dei_gr","Convention Center"
"50f00871e4b0d76b2aa15dd8","bp_plc","Gas Station"
"50f03a48e4b025f17cbc6584","bershka","Shoe Store"
"50f17304e4b0f39bc8b3a2f5","abvassilopoulos","Supermarket"
"50f3d277e4b055cf76517cc2","liberofm","Radio Station"
"50f547a1e4b0e4cb6941c445","ianos_gr","Bookstore"
"50f6f711e4b0e8babde49c23","www.alfaradio.gr","Radio Station"
"50f92376526227d02a3856c3","thedkggroup","Office"
"50fc12278aca2511ba8b9ec1","palaskapharmacy","Pharmacy"
"50ffce7ae4b0bde17051fc13","prokal_prokatoikia","Office"
"5100150519a9772d98978e3d","sakkoulidis","Office"
"51023ff6e4b0dca17c9f874e","www.liros.gr","Hotel"
"510290bae4b051e6762136b1","madbluepro","Music Store"
"51078e9fe4b05f60314c53bd","usandthemrecords","Building"
"510a46498aca4ab923adfa74","loginetgr","Office"
"510b1f74e4b0754689e4da21","todaystores","Convenience Store"
"510feb5fe4b0a47aca486419","the_istore_gr","Electronics Store"
"5110ed6ae4b0e83bc604c5b4","alpha_bank","Bank"
"511107b3e4b0ef90accad284","hcngreece","Tech Startup"
"51110a6b29a60f91df4393bd","windhellas","Mobile Phone Shop"
"511260b6d86c812cefff58aa","boconceptgreece","Furniture / Home Store"
"5116d611f31caa2d26a51814","portokoufo","Resort"
"5118c9a7e4b05dd7d0b03138","greenfamilygr","Organic Grocery"
"5119557270434ea672651190","aspasiajewel","Hotel Bar"
"511b4f16e4b0807968268212","hotelbluebay","Office"
"511cd2a045b081ec9ba9d4c2","pomegranatespa","Hotel"
"511f4cc1e4b0d6060d15c8fb","greek_feta","Factory"
"51263086f2e762502bc5f490","angelopedro_gr","Office"
"512640b5e4b0a58266994cd4","benetton","Clothing Store"
"5127374de4b0c216207d0bc6","alpha_bank","Bank"
"51275faf582f767b6e19cf37","galileo_gr","General College & University"
"512a03a7e4b058a8466fafdc","emmanuelch","Greek Restaurant"
"512b41ffc84c5f3fa6a9c461","asteristh","Pharmacy"
"512d1142e4b06c0db8710ed7","eurobank_group","Bank"
"5134d46d8302165c5c7994bc","gaspoffice","Paper / Office Supplies Store"
"513a09cfe4b01c34d910ee21","goodyscom","Fast Food Restaurant"
"513b8f5fe4b07db920aedd68","diavasi_pezon","Campaign Office"
"5142ec73e4b05786b8aab5cf","hephaestusbme","Factory"
"514451b2e4b071f0e0ce965a","swarovski","Jewelry Store"
"51481be8e4b06da9f008a75e","engineerlawyer","Office"
"51486c23e4b07d65d7a4cdad","yannis1068","Strip Club"
"51486cc4e4b01ce9a4fc0047","livardas","Clothing Store"
"514ad5ebe4b0e04b815c4ebb","milarakiservice","Electronics Store"
"514be78ce4b099b29c79233f","mikelccgr","Coffee Shop"
"514c9655e4b086a30e4886f2","mikelccgr","Coffee Shop"
"5156e39e72da0e8a75807bdc","jumbostores","Toy / Game Store"
"5159a71fe4b04ba49333dc1b","avancerent","Rental Car Location"
"515af478fe709f8d12be7354","carpetu2","Furniture / Home Store"
"515e9c1ce4b0fd9ec9a3b8ce","pharmacymegast1","Pharmacy"
"5162841ae4b0f61e9492cf70","benetton","Clothing Store"
"51628459e4b01147dab31643","benetton","Clothing Store"
"5162845be4b06671e8a491ca","benetton","Clothing Store"
"51628460e4b04efab32eb226","benetton","Clothing Store"
"516527b2e4b01054c4b421b1","bizwriter","Office"
"51665a1ae4b0642f8cfa5618","eurobank_group","ATM"
"5166bd71e4b03faaf94f266d","bp_plc","Gas Station"
"516c479c183f4c4fb36a428e","anemomilos2006","Ouzeri"
"516d4f6ef2e7712ac84013db","germanakadimia","Soccer Field"
"516ef179e4b0d1c833644adf","theoldschoolgr","Coffee Shop"
"51726af0f31c515392367e00","youdrive_","School"
"5173c270e4b074553ec90d13","bp_plc","Gas Station"
"5176ad7ae4b06f861fa5d2d1","underthegun_th","Tattoo Parlor"
"5177e9d2498ee834872e970e","mikelccgr","Coffee Shop"
"5178e0a8e4b038ca267d45fe","knikos28","Bakery"
"517bc42be4b0ab79746a5270","pitsascamp","Campground"
"517f8548498e4cd98f3690b5","alpha_bank","Bank"
"5182a6937dd25bd3099f12f3","compuspotgr","Electronics Store"
"51850568498e4754bcc4899f","hondoscenter","Cosmetics Shop"
"518a45c4498ed06834fe538c","playcompass","Office"
"518b4c01498e94d9aaf43150","skiesacademy","College Academic Building"
"518b59a9abd866496e2a68d6","tribalcollectio","Jewelry Store"
"518b6a5e7dd23ee9ee4e0379","queen__olive","Gift Shop"
"518cae8d498eb6785a0dd4b8","synfor","Bookstore"
"518cce19498e55541c94c82a","syneso","Non-Profit"
"518d2298498ec7fce6f48a74","thirahotels","Hotel"
"51939686498e224c9b5c1bce","lazylizardbar","Bar"
"5193ca9b7dd23473184e734b","neotronio","Salon / Barbershop"
"5199ee3b7dd25a7c0c8f7896","creat3d","Office"
"519a2efc501940dc5a63065d","tsimachidis","Furniture / Home Store"
"519aa225498ef136ed22f2f6","bet","Conference Room"
"519b201c498e561b7e8dcde2","abvassilopoulos","Supermarket"
"519c74b1498ea7832eb8929a","mycellsgr","Office"
"519fb069498eaa7a6966782a","philianhotels","Cocktail Bar"
"51a146e2498e38db150b34e5","dedrospito","Lounge"
"51a5c4db8bbde2b40b9fb2a0","yuppicamp","Summer Camp"
"51a663c5454a001c4552be1d","mikelserres","Coffee Shop"
"51acbc59abd8c044eba9f936","mikelccgr","Coffee Shop"
"51af6e087dd24451b69622a0","dietologos","Nutritionist"
"51b0d8a88bbd98850133709b","kelyfos","Bed & Breakfast"
"51b1fba4498e9c747438680b","imetafrasi","Office"
"51b22d3f498e798a721806cd","sweetiesdonuts","Donut Shop"
"51b33309e4b0e0ce50dda328","heavenhotel_","Hotel"
"51b4aa98498e6a0b6e036384","queensstr","Café"
"51b83837498ef5a0a18f282d","beeskneesthebar","Cocktail Bar"
"51b8593f498ebbe1ec28d459","tonerhellas","Paper / Office Supplies Store"
"51b9a5fe498ea12e90559571","mikelccgr","Coffee Shop"
"51c16e66498efff55ffba0c6","alpha_stock","Building"
"51c326862fc67aedd308955f","chillboxgreece","Ice Cream Shop"
"51c33628498e511b5dbe6607","atlasmc","Office"
"51c55143498e932cb7c63053","odeioaigaiou","Student Center"
"51c81f1c498e8a3a792263d1","hotelmatina","Hotel"
"51c9e5c4498efd4bb1894782","mikelccgr","Coffee Shop"
"51cdd5f9498ed21d385d5b33","chillboxgreece","Frozen Yogurt Shop"
"51d000a6498e0f41f8ff26ab","bp_plc","Gas Station"
"51d11f29498e0f4102f8ab08","mantzosoti","Office"
"51d17766498e410e43b32a39","smafroditi","Grocery Store"
"51d58d41498eae4469b9042b","bp_plc","Gas Station"
"51d7d4e8498ed8b9be31eb92","pefkosbakery","Breakfast Spot"
"51d95694498e3561c95ecc9b","eko_greece","Gas Station"
"51da9a46498eb59de2f486ab","to_daylicious","Snack Place"
"51dabedc498e1a11440f1e92","avantifurs","Boutique"
"51db411c498e1285a38ac3ef","chillboxgreece","Frozen Yogurt Shop"
"51dbef38498e1372cba3a3d9","themethotel","Hotel Pool"
"51dd3b52498eeb832df36083","athosseacruises","Boat or Ferry"
"51dd5e68498e01952dac8884","agnesmara1","Design Studio"
"51dd752e498e84e6cb89fc30","goldenbuy_gr","Department Store"
"51dfaa1e498e1ef99b09a43e","smartsmokegr","Vape Store"
"51dfc055498e0d9e31974d8e","eurobank_group","Bank"
"51dfee258bbd3f82779ca2e4","emmanuelagr","Jewelry Store"
"51e00542501991b0f5886715","thepetshopgr","Pet Store"
"51e2facf498eaecbda317ca7","chillboxgreece","Frozen Yogurt Shop"
"51e316002fc681f4e7d7f767","inspot","Internet Cafe"
"51e674a550191a56e637a6cc","bebemaison_gr","Furniture / Home Store"
"51e695a1498ed24d00388e2f","jumbostores","Toy / Game Store"
"51e6e545498efc97c3e18606","levelsportshall","Gym"
"51e79a29498ef2f276815299","alpha_bank","Bank"
"51e7a997498e56c375abdb7e","alpha_bank","ATM"
"51e8e219498e64e3b185bd52","agrelia","Hotel"
"51e8f54c498eb34c4e953468","alpha_bank","ATM"
"51e914a0498e586880712a60","alpha_bank","ATM"
"51ed112e8bbdf820d0f02aa0","clipnewsgr","Office"
"51ed7c2d498e8270c788c52e","viraggas","Hotel"
"51f0f256498e6834322b388d","campingouzouni","Campground"
"51f17252498ee9f3fda1cb7e","yoganahata","Yoga Studio"
"51f25062498e7d5fe579d5fd","perfectvisiongr","Eye Doctor"
"51f34b42498eed6b1a115434","diakoum","Hardware Store"
"51f44f9c454af0e69f77ef11","stickygr","Furniture / Home Store"
"51f828e5498ea51ab9b9b5c5","johnmaryrhodes","Hotel"
"51fac496498e8489848fb9d5","colorsrooms","Hotel"
"51fb72bb498e626b1326ef14","alpha_bank","Bank"
"51fc1f4f498ed77bd97ccae5","akropolishotel","Hotel"
"51ff8e10498e8f49f28f5f7c","aquavistahotels","Hotel"
"5200d10e498ef38aae80ba2d","vfashiongr","Accessories Store"
"5202bbec498e6d8d5324a910","ammosstores","Boutique"
"520363ae498e332b6efa8190","coffeeislandco","Coffee Shop"
"52094f8c11d2c4020fcad8b1","loxandrastudios","Bed & Breakfast"
"5211bf377e48dfe4d3b7b171","salonicaports","Factory"
"5211d7bf93cde6983d5ec0be","foveraprostasia","Financial or Legal Service"
"521229cd498edfc862576384","primowearhellas","Clothing Store"
"5212369311d2b1362c9d323d","marketgalaxias","Supermarket"
"52138e032fc6707a7a241bcd","sociallgreen","Tech Startup"
"5213a1e511d2560b076cfa08","lacoste","Clothing Store"
"5213a94811d251124363341d","eko_greece","Gas Station"
"521620a711d26f623d0f0673","diamantis_store","Men's Store"
"52168bc811d2210d4406a6cb","imarethotel","Café"
"521ac9f711d22d0e9ee2e110","seakayakhalkidi","Athletics & Sports"
"521c4cac11d2a39eba3eb9f8","natsiosapartmen","Vacation Rental"
"522096227e482d8e47c8cecc","dodoniicecream","Ice Cream Shop"
"5220aca511d27824bd43922c","hmhellas","Clothing Store"
"52224e8911d2a648aa1d063a","stonewavenet","Tech Startup"
"522434e211d29d7018d45d8c","engineerlawyer","Cosmetics Shop"
"5226efd711d26db92b650f61","anatolia1886","Nursery School"
"5228229e7e48e75ee4d926fa","mglparts","Automotive Shop"
"5228245911d2408522958ebb","coffeeislandco","Coffee Shop"
"522a3ab311d2414781093bf4","biscotto2310","Event Space"
"522b71950493fa11eaa3064d","126clothing","Clothing Store"
"522ddcc27e4835fb04660a71","paramythades","Performing Arts Venue"
"52307a73498ef66bd68ccd56","perfectvisiongr","Eye Doctor"
"52340f8211d2867add19a960","bp_plc","Gas Station"
"52393aeb11d20bef4b6fb8d9","zara","Clothing Store"
"5239990f8bbd90925da8ec4c","soulmag","Funeral Home"
"523b256511d2a7691c824b9e","mikelccgr","Coffee Shop"
"523c029c93cd62878ebeacf5","thalassatravel","Tourist Information Center"
"523d7e4a498e092f95356bdf","butterfly","Advertising Agency"
"523d92e293cda743d2db7250","nousinstitute","Student Center"
"52418b9511d283652dc9585a","ufcthessaloniki","Gym / Fitness Center"
"5243e70a498e4bc1ec2d13da","smafroditi","Grocery Store"
"52488d6511d2b72ef4fe61b8","redcaplove","Food Truck"
"524998dd11d2657c412cc0fb","intetwater_eu","Office"
"524d9ea211d259e07c1bc2cb","benetton","Clothing Store"
"524d9ea311d28965291e037f","benetton","Clothing Store"
"524ffbf411d2160fb2e99782","mikelccgr","Coffee Shop"
"5250eae411d29b819ca5249e","hcoastguard","Police Station"
"5255b412498e448a60cf6443","to_daylicious","Snack Place"
"52566b3c2fc640654b6ee6df","zacharakisst","Hotel"
"5257e511498e2e1ed2daf5c0","design_is_this","Arts & Crafts Store"
"525adc4511d2665800ddfdb1","visionpcservice","IT Services"
"525cfe1311d29a69f9fc855c","alpha_bank","Bank"
"525ef07311d250677edb5199","anemoliavilla","Hotel"
"525fff9b11d2922ea32f6d80","thanasisbesas","Dentist's Office"
"5264e72911d249f93975c0cf","eurobank_group","Bank"
"5265064111d2205cba6401ee","iekdelta","Trade School"
"5266a339498e32dc970503d7","demetriospantel","Conference Room"
"52675b7911d2ca8781b3506c","to_daylicious","Snack Place"
"5267b5db498e5d067df03b62","abvassilopoulos","Supermarket"
"526b702811d21b55f269c485","miltossweets","Dessert Shop"
"526b7ebc498e8f0dfa0319e3","novagreece","Electronics Store"
"526bb1ed11d224e4fff17c11","sixtgreece","Rental Car Location"
"526cd95c498e351110d8b25a","cocomatworld","Mattress Store"
"5271163311d2888bb72cc2c2","atc_iata","General College & University"
"52796daa11d2a3bea0ab064d","_keftedaki_","Grilled Meat Restaurant"
"527b72a211d2bd4b7a59ef19","eurobank_group","Bank"
"527f815011d237e8a9f3d177","tomelimou","Candy Store"
"52809fca11d237e8b76f7b95","polyptychon","Office"
"5280b6b611d2e944626190e5","aiesec_uom","Student Center"
"52823a1611d2c3fb3659d78b","paxburgers","Burger Joint"
"5283734f11d2ee0a1b4014df","studioslotos","Vacation Rental"
"5283806711d2e96a96f1258c","cherryboxgr","Cosmetics Shop"
"5283ae9d11d2d4ef49793265","intersportgr","Sporting Goods Shop"
"5286759011d2398844f70fcd","drxiromeritis","Doctor's Office"
"52871ae811d2eaeae92e3243","mikelccgr","Coffee Shop"
"52878b4611d24e4d09ba4dcd","thekas79","Office"
"52945c78498ec446afb56072","mikelccgr","Coffee Shop"
"5294f817498e8ab8ff26b3e9","mikelccgr","Coffee Shop"
"529a5efc11d2a2b05ddbc629","to_daylicious","Snack Place"
"529d94c0498e83ededa0b0fe","eurobank_group","Bank"
"52a0729211d27f86011a5a7b","apostolidis_m","Men's Store"
"52a1d46a498e19c86c918492","axonkamara","School"
"52a774c311d272b1fa6df92f","hellenicrescue","Non-Profit"
"52aada1511d22adbb993f156","paasteltrike","Factory"
"52af0e1f498ed29eea0f245f","mikelccgr","Coffee Shop"
"52af6a3011d2780cfeb878b8","imarethotel","Hotel"
"52b019ea11d2093315fd5ccc","rhodesroadsgr","Other Great Outdoors"
"52b01c23498ed29ef6bfcbde","saltopublishing","Bookstore"
"52b1b36411d20938fea9597f","womensagrco","Café"
"52b4ed7711d2513dd91f51f6","villaoasisgr","Resort"
"52b5c104498e483dec449494","coffeeislandco","Coffee Shop"
"52b8215b11d22083578ac00c","eurobank_group","Bank"
"52bb5e5c11d25cf52b82f88f","zisalex","Doctor's Office"
"52c555ed11d2fbe2770a5089","tasosv","Hotel Pool"
"52d304f5498ed85d2c9dd2b4","apharmacy_","Pharmacy"
"52d7e1e3498ed9360e38c941","souroticompany","Factory"
"52da8d03498ead184fbceb56","to_daylicious","Snack Place"
"52df6eea498eb036e1d65aec","danielapts","Bed & Breakfast"
"52df7dcc498e824a210dde7a","portareto","Furniture / Home Store"
"52dffeb4498ead180eb00893","imarinopulos","Medical Center"
"52e3caae498e037497f3e7a7","coffeeislandco","Coffee Shop"
"52e6ffc0498e220da6c41f66","logistisgr","Financial or Legal Service"
"52e75ec9498e772f01777053","to_daylicious","Snack Place"
"52ea1eb211d239100b101f19","stefan_fashion","Men's Store"
"52ea78c511d26305c62c5340","axonperea","School"
"52eaa64511d22effee0e4c4e","oiatreasures","Art Gallery"
"52eb649311d2739b70431d9c","bonjour_toumpa","Café"
"52eb9737498e0a8fca1bbbce","maklithari","Greek Restaurant"
"52ec9bdf498e220cb9eb3420","focusfm1036","Radio Station"
"52ef50da11d20fe54e4ce073","eurobank_group","Bank"
"52f21a5911d272da57aab446","dei_gr","Building"
"52f28956498e9d479a0bf248","abvassilopoulos","Supermarket"
"52f6e88f498e6ba020c631a3","aegeanairlines","Travel Agency"
"52fa9bd6498e090bb6fc1593","checkincoffee","Bagel Shop"
"52fc7e83498eef3a76323786","daleonardo","Italian Restaurant"
"52fd29ed498ea654db9a80a9","laenye","Paella Restaurant"
"5301de27498eb15d438c8a5b","dreamabout_home","Furniture / Home Store"
"5305ec3911d29f8fd1150e2e","aegeanairlines","Plane"
"53089e0c498eb868419cc03b","artopoiein","Bridal Shop"
"530c97c5498e209013b7d746","dopebeatstudios","General Entertainment"
"530cd940498e3bd1fdc85963","breezerhodes","Supermarket"
"530f532d498ea305c82edd4b","emmanuelch","Housing Development"
"5310b360498efd04bf01f8f4","coffeeislandco","Coffee Shop"
"531312f311d2f36866ed0c8a","artdecon","Office"
"5314cefb498e22dc2f27a585","hellenicliving","Real Estate Office"
"5315df6b498e8cb0ed93b51b","sostidiatrofi","Office"
"53185569498e551ceb8d4c2c","dei_gr","Distribution Center"
"5319aeb6498eebad199dabb0","alpha_bank","Bank"
"531a0507498e0d0213e4a43d","marketgalaxias","Supermarket"
"531a0507498e0d0213e4a461","marketgalaxias","Supermarket"
"531a0507498e0d0213e4a506","marketgalaxias","Supermarket"
"531a0507498e0d0213e4a53c","marketgalaxias","Supermarket"
"531a0507498e0d0213e4a5d0","marketgalaxias","Supermarket"
"531aef67498e9bfd4c11639a","newlinefashion","Factory"
"531c3345498e862e2ecf1b76","fishsparelax","Spa"
"531e45bd498e87dbc96da537","graphxbase","IT Services"
"531f438411d2d892a6f12d45","sixtgreece","Rental Car Location"
"531f438411d2d892a6f12db6","sixtgreece","Rental Car Location"
"531f438411d2d892a6f12dd6","sixtgreece","Rental Car Location"
"531f438411d2d892a6f12def","sixtgreece","Rental Car Location"
"531f438411d2d892a6f12f82","sixtgreece","Rental Car Location"
"531f438411d2d892a6f12fa8","sixtgreece","Rental Car Location"
"531f438411d2d892a6f1346f","sixtgreece","Rental Car Location"
"53207ac7498e9af50709de1e","pamecopa","Betting Shop"
"53215d6711d29a1ca0164f3d","emmanuelch","Town Hall"
"53219ef1498e273e358a55f2","publicstores","Electronics Store"
"5323236e498e95e3c37db772","kotsovoloson","Electronics Store"
"532323bb498eff5b2f6aa440","lazarosstudios","Hotel"
"53238bb811d2033b47050d28","volverstage","Nightclub"
"5325d194498efb65047e560c","doktorisbros","Automotive Shop"
"53280634498e7bd7bcf74482","aegeanairlines","Plane"
"53287e8f498e08a40f25a309","coffeeislandco","Coffee Shop"
"5332bfab498efb598e0ec666","lilacafe","Café"
"53346482498edfd56d6f135b","anastasiadoupan","Other Repair Shop"
"533eeaa9498e399d6ddaa0b5","sunanemosresort","Bed & Breakfast"
"534438cc498e44a0f4b01d0e","thassosseascape","Hotel"
"5344613a498ed960b6cf1fc6","rodosartgallery","Art Gallery"
"53457e11498e4eb10fb98d46","coffeebrands_gr","Coffee Shop"
"53468172498ede3f615dd81d","protopiato","Fast Food Restaurant"
"53468a81498e24257d5b8fce","aegeanairlines","Plane"
"534752a7498eed78215c97a4","aegeanairlines","Plane"
"5347f4af498ed8e718e71539","mathitiada","Athletics & Sports"
"5347f57b498e65c6b838ad69","mathitiada","Athletics & Sports"
"534836be498ea6caf375d0eb","coffeeislandco","Coffee Shop"
"5348e213498e31ec0d124408","comworld","Electronics Store"
"5348edb8498e5e04e75d35e0","hmhellas","Clothing Store"
"53493f00498e041eb106e14d","eko_greece","Gas Station"
"534e42a0498e5ad1845b4926","themassagesuite","Massage Studio"
"534f9106498e0afc09dbfe67","legrandtravel","Travel Agency"
"534f9624498e6ba76217f5f9","aegeanairlines","Plane"
"5355353511d23953ed33b08b","grammikagency","Advertising Agency"
"535a5a7b498e235672e0ef64","acroterrarosa","Hotel"
"535e02ba498e522c6b687296","dei_gr","Building"
"53620160498e50976f6a556e","architecton_net","Office"
"53623771498e14021c132f7d","sitestoregr","Office"
"53625982498e18140bbc101b","oldhouseafantou","Greek Restaurant"
"53663986498e8daec95a0755","coffeeislandco","Coffee Shop"
"5367da5f498ef1db24f47b3c","smilebite","Dentist's Office"
"536ca153498e1b42aae77f2c","doublein180","Café"
"53723d5b498eef29525abcea","forthnet","Electronics Store"
"537240d5498ee094dfd61856","novagreece","Electronics Store"
"53727b92498e58c936fb962f","thessaloniki_ed","Eye Doctor"
"5373756a498e5c4d711ed6c9","palladiumh","Hotel"
"53745fb3498e6c81262fedce","coffeeislandco","Coffee Shop"
"5374710d498e45be378b094f","bsb_fashion","Women's Store"
"5374c6a7498e91573f7a4446","pizzafan_tweet","Pizza Place"
"537638bc498ee8592b5ddaef","toereisma","Student Center"
"53772e72498e959ee4d8b8a3","intersportgr","Sporting Goods Shop"
"537cb25c498e0dae7372f0f6","olive_street_","Mediterranean Restaurant"
"537dfa86498ea5ac20070439","leleclothing","Distribution Center"
"5382e924498e54d58e897db4","cibotec","Office"
"53835321498e59fc12827f3d","qjewellery","Jewelry Store"
"5388d7e0498e1afc163677a2","massayathess","Middle Eastern Restaurant"
"538be9c8498e8da3bcd19e0b","aegeanairlines","Plane"
"538c5840498e5c4efdfbc80e","aegeanairlines","Plane"
"538c63fd498e0f4310f5596f","ilb0rgo","Restaurant"
"53906478498e11270308e6f2","carglassgreece","Automotive Shop"
"5395fbe5498ea90b2e66f786","bp_plc","Gas Station"
"53972ddd498e57e156a2dc72","hotelangelica","Hotel"
"5399584e498ef219412ac9cb","wearepcubed","Advertising Agency"
"539ddaa1498e08a9ddc7f14e","baiaseasiderho","Beach Bar"
"539f7a35498e718f89e22308","happycookgr","Furniture / Home Store"
"53a2f27d498e76e4d42f5e32","comidorcloud","Office"
"53a6d61c498ea264698692f6","mikelccgr","Coffee Shop"
"53a868f9498e9ce34459faf4","thanasisxa89","Grocery Store"
"53abae99498e0962d31cd902","rhodiantours","General Travel"
"53b15b04498e0bd7ae4e6e5f","sahararesortgr","Beach Bar"
"53b40466498e1badfb60eeeb","bp_plc","Gas Station"
"53b50d30498e83df907a6ec9","abvassilopoulos","Supermarket"
"53b7f609498ef6049fef4975","dwhitegr","IT Services"
"53b8822a498ef0074d9c8f54","hotel_kastoria","Hotel"
"53b91488498e31f84cfe5e52","filimegasfurs","Leather Goods Store"
"53bee816498e868312f39b8c","goodyscom","Burger Joint"
"53c3a5b3498eaf9941a225ea","holiday_greece","Travel Lounge"
"53c54efb498ef1a02841d599","leonidas1133","Bowling Alley"
"53c6f979498e35c8e8f1283b","stonewavenet","Tech Startup"
"53cae0d9498ed67cda62d61c","centralfira","Hotel"
"53d253d1498e7657f42d406a","techcompanygr","Electronics Store"
"53daaf01498efb647c6d57c1","amb24gr","Financial or Legal Service"
"53e37d78498ed4ef32c24d5c","to_daylicious","Snack Place"
"53f1fe7b498e52a63d7f69b2","povstudiothess","Photography Lab"
"53f23096498e11e8f5c716b7","kripishouse","Vacation Rental"
"53fe59c9498e05edf9e16aaa","amphipolistomb","Museum"
"54059900498eb7b4830e9f20","eurobank_group","Bank"
"5410cca2498e6d98c415ab73","aegeanairlines","Airport Service"
"5410cca2498e6d98c415adb6","aegeanairlines","Airport Service"
"5410cca2498e6d98c415ae2f","aegeanairlines","Airport Service"
"541df007498ed1e007597f14","farmakeiokosti","Pharmacy"
"541e82c2498e7ff70549b305","speechtherapygr","Mental Health Office"
"54214bbc498ef421d55e4398","enploboutique","Bed & Breakfast"
"54293f83498e1ba5553000d4","oxtampito","Sports Bar"
"542d8921498e1c806a957e21","hexabit","Advertising Agency"
"542e86ff498e14ac516efe4c","hash_travel","Athletics & Sports"
"54323d6c498e3f8059511dd9","diploclick","IT Services"
"543ec4f3498edc927457ba54","sdialekti","Jewelry Store"
"544253fa498edf77dab08037","eko_greece","Gas Station"
"544a463e498e45ba2fb61c05","safesalesgr","Electronics Store"
"545923c2498e13fe21f1d618","grammikagency","Design Studio"
"545a2554498e801a49d3567a","dieseltravel_gr","Travel Agency"
"545a413e498ef87f8e84b13c","maganiai","Mediterranean Restaurant"
"545bde73498edac21f1c072f","happyplaygr","Daycare"
"545c6717498e6198a0ef2cf4","auth","College Lab"
"547470d8498ed4187597223e","coffeebrands_gr","Coffee Shop"
"5474d05c498ec1a9b27b59d7","efantasygr","Comic Shop"
"5475a59e498e52f9d3d029b8","jean_gr_eshop","Clothing Store"
"5481e029498e6de1ea5e85ee","publicstores","Electronics Store"
"548572dc498e314a750a19e1","manolishousegr","Vacation Rental"
"548ebeee498e00314e721a4c","litsapanagi","Hotel"
"54930b7c498efc2e45d60284","esmokers_gr","Vape Store"
"5499404b498e7529d197f90f","coffeebrands_gr","Coffee Shop"
"549fef16498ef4e37a032bb2","saltopublishing","Bookstore"
"54a02f2c498e9fa6cedc49f8","northadventures","Boat or Ferry"
"54a134c9498e81619d8859a9","choureal1","Dessert Shop"
"54b00547498e93921aec307a","leleclothing","Clothing Store"
"54b4fcc5498e16364a316136","blackout_shoes","Shoe Repair"
"54b92da2498e705a5d45e837","windhellas","Mobile Phone Shop"
"54c3442a498e342726b93ec6","darkponyltd","Tech Startup"
"54e35605498ed723992ed710","rac_advertising","Business Service"
"54f30c92498e6540d9015b2b","lambdaspace","Event Space"
"54f34c44498ecc627d91393c","filoxeniavillas","Hotel"
"55003c29498e8b4e7c528eac","coffeeislandco","Coffee Shop"
"550a9515498e905bcef340bd","onesalonica","Outlet Mall"
"550b2d11498e82297b35f227","chickenbargr","Fried Chicken Joint"
"550ed3ab498e074a6195c78a","canvassuites","Hotel"
"55118979498e888c4b73402e","themethotel","Hotel Bar"
"55134269498ef2960be688ef","bluedolphingr","Bistro"
"5515a0c1498e18feb90d179f","evitaresort","Resort"
"551eb561498e957d83709712","battlenet3d","Internet Cafe"
"5528f77a498ea4c3e38a0146","coffeeislandco","Coffee Shop"
"552d1bdd498e330143c8133d","coffeeislandco","Coffee Shop"
"552e2cf1498e866db9c4fab5","mrgadgeteshop","Mobile Phone Shop"
"5535fd2c498e00c97ffa8334","coffeeislandco","Coffee Shop"
"553a04dc498e037083bf9bab","venetsanoswines","Winery"
"553bc7d1498e9909f47636c0","gianmoshos","Vape Store"
"553d0109498eb1b18f63ef79","we_skg","General Entertainment"
"5540f0d8498e33807f005ff9","abvassilopoulos","Supermarket"
"5540f0d8498e33807f0060cd","abvassilopoulos","Supermarket"
"5540f0d8498e33807f0061e9","abvassilopoulos","Supermarket"
"5540f0d8498e33807f0061fe","abvassilopoulos","Supermarket"
"55434a07498e38ff84fb71d0","coconesgr","Cocktail Bar"
"55474e12498e5269a98c8a7c","alpha_bank","Bank"
"554c8acd498e5e644ee73329","alpha_bank","Bank"
"5551d961498e2f160f31ced8","sophiasuites","Hotel"
"5551f3e4498ed80554c997a2","elektroniowheel","Bike Shop"
"555ae5ed498e21bbacb5d78d","anavasis_","University"
"5561f78e498e67d3e89c7b64","aaa_beachvillas","Hotel"
"5561f906498e84500b14163a","aaa_beachvillas","Hotel"
"5564319b498ea6a5e2da424b","salonikioubeach","Resort"
"5564566d498e887e7caac17f","hccathens","School"
"55753407498ec58f84b02e99","abvassilopoulos","Supermarket"
"5581a6a1498e05173e7f285b","ergonfoods","Gourmet Shop"
"558dcefc498e4c0e3fcef6f1","verandabar_","Cocktail Bar"
"55913308498e164a641cd913","axios_delta","National Park"
"559135eb498e1c64e64d3469","axios_delta","National Park"
"5591a0ac498eca6c0673905e","bluelagoongroup","Resort"
"559e3da5498e3287c8a08353","bibelekoujewels","Boutique"
"55a73333498edf2ed81df6f3","chillboxgreece","Frozen Yogurt Shop"
"55a73414498ec0d4f9d0fea3","dodoniicecream","Frozen Yogurt Shop"
"55a90cda498eac366cef3151","oiavineyart","Greek Restaurant"
"55ab8eee498e079a2e2dc81a","mikelccgr","Coffee Shop"
"55b0f605498e6282c2b76b12","sakasresidences","Hotel"
"55b12644498e3cecff1ef489","mikelccgr","Coffee Shop"
"55b51d2c498ea78af0dc398d","mikelccgr","Coffee Shop"
"55be6513498ecb92c156a22e","bluelagoongroup","BBQ Joint"
"55c35abb498e84c887bcce0f","dreamvillagr","Vacation Rental"
"55c4c66b498eb25dd3da2000","coffeeislandco","Coffee Shop"
"55d49e52498ea36af67c49d9","bp_plc","Gas Station"
"55d49e52498ea36af67c4c80","bp_plc","Gas Station"
"55d49e52498ea36af67c4f3a","bp_plc","Gas Station"
"55d49e53498ea36af67c5a03","bp_plc","Gas Station"
"55d49e53498ea36af67c5a15","bp_plc","Gas Station"
"55d49e53498ea36af67c5a27","bp_plc","Gas Station"
"55d49e53498ea36af67c5d20","bp_plc","Gas Station"
"55d49e53498ea36af67c5da1","bp_plc","Gas Station"
"55d49e53498ea36af67c5e05","bp_plc","Gas Station"
"55d49e53498ea36af67c5e76","bp_plc","Gas Station"
"55d49e53498ea36af67c5f7c","bp_plc","Gas Station"
"55d49e53498ea36af67c601a","bp_plc","Gas Station"
"55d49e53498ea36af67c6125","bp_plc","Gas Station"
"55d49e53498ea36af67c61dc","bp_plc","Gas Station"
"55d49e53498ea36af67c624a","bp_plc","Gas Station"
"55d49e53498ea36af67c62bd","bp_plc","Gas Station"
"55d49e53498ea36af67c6437","bp_plc","Gas Station"
"55d49e53498ea36af67c6489","bp_plc","Gas Station"
"55d49e53498ea36af67c66ba","bp_plc","Gas Station"
"55d49e53498ea36af67c6753","bp_plc","Gas Station"
"55d49e53498ea36af67c6765","bp_plc","Gas Station"
"55d49e53498ea36af67c6784","bp_plc","Gas Station"
"55d49e53498ea36af67c6793","bp_plc","Gas Station"
"55d49e53498ea36af67c67ab","bp_plc","Gas Station"
"55d49e53498ea36af67c6af2","bp_plc","Gas Station"
"55d49e53498ea36af67c6b23","bp_plc","Gas Station"
"55d49e53498ea36af67c6b8d","bp_plc","Gas Station"
"55d49e53498ea36af67c6be5","bp_plc","Gas Station"
"55d49e53498ea36af67c6c7d","bp_plc","Gas Station"
"55d49e53498ea36af67c6cfc","bp_plc","Gas Station"
"55d49e53498ea36af67c6d53","bp_plc","Gas Station"
"55d49e53498ea36af67c6d56","bp_plc","Gas Station"
"55d651c3498e2dc0ed3679f7","laptopliberta","IT Services"
"55dec67f498efde4a5efb0f1","newlaw_firm","Lawyer"
"55e0295b498eb5b1760aa804","windhellas","Mobile Phone Shop"
"55e4016f498e44d12b37494b","coffeeislandco","Coffee Shop"
"55eac590498e8e6ffffee069","mytaxfriendgr","Financial or Legal Service"
"55ecb023498e64d24573b98b","nailtalessalon","Nail Salon"
"55eed1dd498e57241e101b52","makemuesli","Deli / Bodega"
"55faf4c5498e2239bb6b48c8","nike","Sporting Goods Shop"
"55ffbd6d498eb466f8819957","fournoizimoto","Bakery"
"56029da0498ef0ac4c664be8","evangeliarooms","Vacation Rental"
"56029eff498e9242a680a26d","stamatiaapts","Vacation Rental"
"560454ac498eef0c0f062983","thebutler_gr","Bar"
"560be5ec498ec5e1bb6b29b9","marksandspencer","Clothing Store"
"560d0109498ecd7b6f004eeb","greekflipflops","Shoe Store"
"560fc5a3498e53f286abf41c","psarakikavala","Ouzeri"
"561b9d7a498e5a2eb40283c2","otelatoglu","Lawyer"
"56222be5498e1de572a27d6d","33strbeauty","Nail Salon"
"562b3968498ee3bd97d18226","gregorysgr","Snack Place"
"5638b7aecd107eb54ff159e3","bubbletale","Bubble Tea Shop"
"564324b938fa12a92272a92f","coffeeislandco","Coffee Shop"
"5644ebb2498e95475f87fd2b","duendejazzbar","Jazz Club"
"5648c5b2498e44610fdb6186","thecaravangr","Bed & Breakfast"
"564c2469498e1903a2a38257","imedgreece","Health & Beauty Service"
"564d936a498e84624a253bbe","typomplouzakia","Print Shop"
"56508e9f498e0883ba08501c","siennasantorini","Hotel"
"5655b21438faea42f216db26","todays_ofcl","Coffee Shop"
"565c90b6498e983dd280c708","lacoste","Clothing Store"
"56670785498e87450f7d4a28","coffeeislandco","Coffee Shop"
"5669be29498e68988d92f88f","wendowproject","Resort"
"566a9f7c498e8921f6e6a0ec","coffeeislandco","Coffee Shop"
"566d90d838fa094e922b7a16","coffeeislandco","Coffee Shop"
"5676c04c498ef43837d3a978","coffeeislandco","Coffee Shop"
"56790934498e8a2efd138178","coffeeislandco","Coffee Shop"
"5681216b498edd565a9a2660","coffeeislandco","Coffee Shop"
"56839862498e0c3fe0a8b2b0","halkidikisail","Cruise Ship"
"5694eb14498e5b8f4a0bd941","goldcar","Rental Car Location"
"5697e1c6498e9e387b354528","villaeftihia","Vacation Rental"
"56a20c68498e4a771d0787bd","widesebgr","IT Services"
"56a8d46d498ee19dfb5f301d","voukasvasilis","Clothing Store"
"56ae366238faae8403d1ae6e","meliartoskav","Bakery"
"56af57b338faae840548d42e","coffeeislandco","Coffee Shop"
"56b0f8cc498e7c1a66ec09fa","sneakerstown","Sporting Goods Shop"
"56b1d99f498e97575135b86a","otakustoregr","Toy / Game Store"
"56d694d8498eb7c9ada2d4aa","gianmoshos","Vape Store"
"56e07b44cd10ce0750d496fc","casa_mameli","Vacation Rental"
"56e1d55a498e8f8e6ca02a68","luxuriousvillaa","Vacation Rental"
"56f41040498e8c44689dddbd","bufalagelato","Ice Cream Shop"
"572d08ee498e0122d00362d2","momix_bar","Other Nightlife"
"57339c84498eccf0c2ee9a6e","milopetrabakery","Bakery"
"573748c6498e153301e32058","sunsanshop","Art Gallery"
"5745c353498e7ea32f1d7d72","fougaro_beach","Beach Bar"
"577e8e21498ea3e75fbebe6e","nutritionistgr","Nutritionist"
"57b997b6498ea31e234c90c7","gregorysgr","Snack Place"
"57c96350498e982da24c34e5","footforward_","Sporting Goods Shop"
"57ca6a27498ef7ba7f03117f","kripisgr","Vacation Rental"
"57fcc5d6498e75311ae6e223","toysshopgreece","Toy / Game Store"
"5815d8b838fa4b940c9d5ebe","seven2sevengr","Café"
"581df6d749c04371301ba0d9","makrishotel","Hotel"
"582f078d0b08c724743bd20a","likyliky_thess","Ice Cream Shop"
"58346de36cda1c368565efa3","abvassilopoulos","Supermarket"
"585c06d124ca6a3c76383725","abvassilopoulos","Supermarket"
"5871e7189b7eac78e6bf1cec","bp_plc","Gas Station"
"58722f86409f561554cbfc9b","bp_plc","Gas Station"
"587271445a5869791c2a59bd","bp_plc","Gas Station"
"587286406119f44c255d3cae","bp_plc","Gas Station"
"58728ea945c3ed5c16d29c14","bp_plc","Gas Station"
"5872c49d005a0f1e8f5b3057","bp_plc","Gas Station"
"587321ddf840853d58ff6a6f","bp_plc","Gas Station"
"58735bed9343e02196e59820","bp_plc","Gas Station"
"5873687d1d21ba0f14f447ef","bp_plc","Gas Station"
"587386b5ce66aa03898cb8f5","bp_plc","Gas Station"
"5873cccfdad263450e6688ce","bp_plc","Gas Station"
"58740475ea1c0d5d16853d5a","bp_plc","Gas Station"
"58746b2688641b25772cedc1","bp_plc","Gas Station"
"58746eb4fc9b210d82cbb170","bp_plc","Gas Station"
"5874d3f81470b0699133c09c","akrosantorini","Modern Greek Restaurant"
"5875a1b045c3ed55461a4b1b","bp_plc","Gas Station"
"587a936292789f7daf7f313d","bp_plc","Gas Station"
"58860828349355113bb52ea9","pedodontiatros","Dentist's Office"
"588d09830393cc517eb926e2","calypso_cruises","Boat Rental"
"589089e651666a083ed35582","wattandvolt","Business Service"
"589a27dca36ecd617ca3b407","rollitgr","Gift Shop"
"58b82822373181321a9384e8","windhellas","Mobile Phone Shop"
"58d4f8e9102f476c3076112e","youbath_gr","Construction & Landscaping"
"58d5109fd7b473223a5e6b7d","watersportrodos","Boat Rental"
"58d7d19a9398ab2cb1276399","homeliathassos","Hotel"
"58e899f7668af70c79e75ea7","kalliopianemoul","Bridal Shop"
"5901c28e5f68b9462014d4de","santorinirental","Rental Car Location"
"590bb9948c35dc6736cf271f","kripishouse","Hotel"
"592af47bd41bb74f6e1c530b","hellofrom","Gift Shop"
"593b0a35c0f163445aea8e4f","wotldwideweb","Advertising Agency"
"5965bd005455b213b7ec3bc3","looksomething","Advertising Agency"
"5971eb96eacf453223ddf9fb","pantelismpa","Wine Shop"
"59732f704420d810a5b6e0d7","mitsishotels","Hotel Bar"
"5998859b16fa041f2bcdaf28","amadacolossos","Resort"
"599c8ae89be5221290df1529","24hrgr","Grocery Store"
"59b9219d9ec3993c7d5f7e45","nyxcosmetics","Cosmetics Shop"
"59c8ade3a5a315336afccdf8","goldcar","Rental Car Location"
"59e78b71b040562b0047f056","aeo","Clothing Store"
"5a2fec0d3ba767094558903f","ellisskg","Nightclub"
"5aaface8be7078047f574fd7","mrgadgeteshop","Mobile Phone Shop"
"5b014c8ca2c00b002b7d6bab","bp_plc","Gas Station"
"5b2a61abb8fd9d002cac5102","bp_plc","Gas Station"
"5b2a66e8d69ed0002cdf3f22","bp_plc","Gas Station"
"5b2a7234ea1e44002b26940b","bp_plc","Gas Station"
"5b3de8f39b0473002c7ee5bb","gstavr1","Betting Shop"
"5b4328302b274a002cee93e1","ukenterprise","Rental Car Location"
"5b52cc0a123a19002c9d2042","drgkotsikas","Doctor's Office"
"5ba601b98b98fd002c3541fc","keftebar","Restaurant"
"5bbbef6c53159300392f72ef","bp_plc","Gas Station"
"5bc0a3cb2b9844002cb6ca6b","marketing_gr","Office"
"5cd3f1907b4669002b294952","sunsanshop","Arts & Crafts Store"
"5d232ac32535920023a15749","hmhomeofficial","Furniture / Home Store"
"5d49b37e23d6dc0008728234","regusglobal","Business Service"
"5dac2b279a2ad20008687eb1","bigbangschool1","School"
"5dd7d9806292a10008142d5c","drivehellas","Rental Car Location"
