id,screen_name,category
4b474a16f964a520382e26e3,Starbucks_Gr,Coffee Shop
4b4b19baf964a5204a9226e3,TGIFridaysGR,American Restaurant
4b659a3ff964a52006f62ae3,teloglion,Art Museum
4b6d4b66f964a520bf6f2ce3,Paradosiakonet,Snack Place
4b6de067f964a520f1972ce3,medpalace,Hotel
4b75da02f964a52068292ee3,fixnightclub,Nightclub
4b777af8f964a520219d2ee3,RhodesAirport,Airport
4b7c6ce4f964a52090922fe3,Goodyscom,Burger Joint
4b903c5af964a520137e33e3,EightballLiveSt,Rock Club
4b97cd79f964a520921635e3,IANOS_GR,Bookstore
4b9a1b06f964a520109f35e3,PAOK_FC,Soccer Stadium
4b9c45aaf964a520e15a36e3,MBP_Thess,History Museum
4b9e39a7f964a52024d336e3,HondosCenter,Department Store
4b9e3e76f964a5209ad436e3,ikea_gr,Furniture / Home Store
4b9efd7df964a520ba0e37e3,cafebalkan,Café
4ba4e3b8f964a52069bf38e3,MediaMarktGr,Electronics Store
4ba9dccff964a520223b3ae3,Nike,Sporting Goods Shop
4baa2b22f964a520f94f3ae3,marksandspencer,Clothing Store
4baa2b71f964a52019503ae3,hmhellas,Clothing Store
4baa6f14f964a520b8693ae3,Bershka,Clothing Store
4bab57daf964a520f8a13ae3,melimelocafebar,Café
4bbffa26b492d13a48bba360,santorinicars,Rental Car Location
4bc796c993bdeee1078a37ae,RodosPalace,Resort
4bc796d593bdeee10e8a37ae,Cactus_Rhodes,Hotel
4bc8749edc55eee10977e8ac,SantoriniVillas,Hotel
4bc874afdc55eee12777e8ac,SunRocksHotel,Hotel
4bc874b7dc55eee13277e8ac,notosthermespa,Hotel
4bc878c1dc55eee1a07be8ac,LePalace_hotel,Hotel
4bcf4cbd0ffdce728e5db2c0,ImperialThess,Hotel
4bcf78820ffdce72c584b2c0,HotelOlympiaSKG,Hotel
4bcf7ba90ffdce72c888b2c0,TheraMare,Hotel
4bcf7bb60ffdce72e388b2c0,sani_resort,Hotel
4bd099a61f89ce728fb867ea,PerivolasHotel,Hotel
4bd0aa27b221c9b60728d4d0,ElectraHotels,Hotel
4bd1a2e15e0cce72b9c1a184,HotelKriopigi,Hotel
4bd1a5d65e0cce72f2c6a184,EdenRocHotel,Hotel
4bd1a65acaff9521befed0f0,IntersportGR,Sporting Goods Shop
4bd1a6a65e0cce7259c8a184,Art_Maisons,Hotel
4bd1a6b75e0cce7280c8a184,ikieshotel,Hotel
4bd35f25a8b3a59379d5695f,OdeonTheater,Music Venue
4bd6d2bfcfa7b713761428da,mongo_asianfood,Asian Restaurant
4bd74974304fce72fc5033ab,AndronisGroup,Hotel
4bd7a1c2304fce7237c833ab,AquaVistaHotels,Hotel
4bd888b92ecdce7240ced0f2,Porto_Carras,Hotel
4bd88d922ecdce72d5d1d0f2,AegeanMelathron,Hotel
4bd9c935d2cbc928f0ded1ad,apollobeachsa,Hotel
4bdd427db0f5c9283e104ce3,OmilosBar,Bar
4bddb67effdec928f31be6a1,toixosalonica,Meze Restaurant
4bdf087a7ea362b53e4743c4,BlueDolphingr,Resort
4bed964c6e8c20a156987061,gnet_gr,Gaming Cafe
4beea1d83686c9b6d8b4246e,HaniotiVillage,Hotel
4bf4042f706e20a112d0a898,ArisCaves,Hotel
4bf7a147b182c9b6fd10765a,santo_wines,Winery
4bfbcdd5565f76b09cf905db,ManosHotel,Hotel
4bfc17ce1be376b0e427f8b4,aegeanairlines,Plane
4bfe8b2755539c74c7dfbcf3,CoverMarket,Coworking Space
4bfeadfe369476b0d9ab8c1f,THEMETHOTEL,Hotel
4c02d913310fc9b62f16c561,CanavesOia,Hotel
4c0631ec8f8fa59394e2f20d,Eurobank_Group,Bank
4c090694a1b32d7f36e596f0,Northday,Event Space
4c0935ef009a0f47b658e7bf,MyoxygenRodos,Gym / Fitness Center
4c0fa4747189c928905ddab6,NorthBasket,Office
4c1262c077cea5934ceacc60,Alpha_Bank,Bank
4c22554f9085d13ac42986cc,MoniLazariston,Cultural Center
4c25bd3f136d20a15727e461,MedRoyalHotel,Hotel
4c275e225c5ca5939e9f47fe,OuzouMelathron1,Ouzeri
4c2b3640197e9521fea9628d,ApagioFiscardo,Mediterranean Restaurant
4c387d65edba95217f17d625,bestwesternplaz,Hotel
4c42da60d7fad13addbc09da,giannikoshotel,Hotel
4c42f3b6cc410f479b7ead61,portovalitsa,Resort
4c442aff74ffc9282a2275cc,_FolliFollie,Jewelry Store
4c4432ef36d6a59335176aa8,DIESEL,Clothing Store
4c49703d3013a593a31bbbe2,DomaineSigalas,Winery
4c4d62fa9efabe9a3f806968,ChromataHotel,Hotel
4c4df3cef53d0f476db5cfa5,maffair,Salon / Barbershop
4c57caca7613b713394f91ea,ZARA,Clothing Store
4c5ab354d3aee21e943f6b55,Rodiamare,Beach
4c5c5e1d7735c9b633148c72,TassiaFiscardo,Greek Restaurant
4c651c7594160f47947e2e17,MojitoBeachBar1,Beach Bar
4c671112e75ac9282285f9da,Aquagrand,Hotel
4c6ce26e99b9236ac2d0e3c9,watchmouse,Tech Startup
4c7114c8df6b8cfa350eba4d,BakalisTaverna,Fish Taverna
4c78dde6bd346dcb9384f3ef,Vodafone_GR,Mobile Phone Shop
4c7fab64fb74236a2eb4fab9,AlexandraBeachT,Hotel
4c7fb16d2042b1f7c990c3ad,tsipouropower,Ouzeri
4c7fb90ef4cf9c748614a5a0,DominosGreece,Pizza Place
4c82308dd34ca14363512980,EKO_Greece,Gas Station
4c82aac451ada1cd7eeb1e10,AntigoniBeach,Hotel
4c8530b22f1c236a195f5243,Prigipos_,Kafenio
4c86544de602b1f712fdbe7a,PublicStores,Electronics Store
4c86a95e47cc224bbf8aab9f,sevenspot,Video Store
4c890ea9944e224be75f2185,Savvikos_1947,Grilled Meat Restaurant
4c8f95c858668cfa505ddbec,HolidayInn,Hotel
4c928d3af600236acdfebd32,SHARKGR,Bar
4c935c042bf7b60cd53d6a0a,offradio,Radio Station
4c94b8d0efecb7134c61e09d,elcthessaloniki,General College & University
4c9b3ffd292a6dcb9291d576,white_suites,Hotel
4c9f2da70313370458e06fd5,santorinigr,Island
4ca1a44c79d9b1f77616c199,ACTGreece,University
4caafd7314c337047251e63b,LindianApollo,Cocktail Bar
4cb06df71168a09368592a23,konstandinidis_,Dessert Shop
4cb7669e0011b713c2cee7b9,SportsBar_,Sports Bar
4cbacae04352a1cd191995f5,ThganiesSxares,Greek Restaurant
4cbc55dd7a5d9eb0cb5c31e9,sheratonrhodes,Hotel
4cbe10831c6c6dcbfdb1655e,galileo_gr,General College & University
4cc36747c844721e3c05e301,firahotels,Hotel
4cd26344158c5481a8d3aee4,DotsoftSA,Tech Startup
4cd41aeebaf2f04d9775b2a3,Dana_weddings,Hotel
4cd900d01891236ab929390b,nyc_gr,University
4cda5ac6a1bba35da02e8ee5,NovaGreece,Electronics Store
4cda6d2f6ad1a09395fde556,IekDelta,Trade School
4ce3762605f7a093ec9da028,COOCafeBar,Bar
4ce57c59023676eb370cebb9,KarenMillen,Women's Store
4cf4cc3ecfb08eec1fbbf2be,winbank_tweets,Bank
4d012bde1ebe6dcbe0c58b91,Napapijri,Clothing Store
4d09e97e86b0236ada8eb606,TommyHilfiger,Clothing Store
4d11c9d26360a35de59d8c88,NestorYannakis,Salon / Barbershop
4d1288dad0fda0933395ac57,ElGrecoHotel,Hotel
4d15dc9b6d1037044fba2cbd,HyattTweets,Hotel
4d1a114cb15cb1f74b66c721,madmacsgr,Electronics Store
4d1b75751683a14395917d51,Camper,Shoe Store
4d1fd68270ca60fcfb8c2c5e,artsoundgr,Music Store
4d20c26ae56f6ea87cb5771d,Nooon_Cafe,Café
4d2456cfc5f2a1cd775452cf,Petersportgr,Sporting Goods Shop
4d2b2fc6342d6dcb20b013cb,ABVassilopoulos,Supermarket
4d2daa3a762fa143bd477b64,Splash_sauna,Bath House
4d354fe5eefa8cfaf74a53b3,katerinazee,Design Studio
4d369c4a61a260fc1b24227b,SPGamingNet,Internet Cafe
4d3db64b3ec9a35deee45381,body_shine,Tanning Salon
4d3fc369255d8cfa3ad05e05,PEM_PAT,Office
4d401a57adb6236af0fc8440,ReplayGR,Clothing Store
4d41654790f9224b752e0f1e,KotsovolosOn,Electronics Store
4d43160fb6e73704b1788c09,GlobalSomaNgo,Office
4d4d82af9ee1370454aa848b,LindyHopGreece,Dance Studio
4d51e496994dba7a91e517ec,remvibar,Café
4d59116e23e0a093f4524049,DEI_GR,Building
4d592fe7700b8eecd0c96bdc,StStelios,Grocery Store
4d622c90ef378cfa35e193a6,petrosgentilini,Vineyard
4d6765e36ddb5941a286f46f,ammosRestaurant,Greek Restaurant
4d6e8e61134ea143ef57921a,ZPalace,Hotel
4d700c1f0d996dcb4a41c08e,INSPOT,Internet Cafe
4d74150c949854819059257e,NepheliHotel,Hotel
4d75dc69f86fa1cde2fa79a8,smafroditi,Grocery Store
4d7759b6396f37041253a638,EasyBikeGr,Tech Startup
4d7b72152b732c0f9f2385f5,speak_languages,General College & University
4d7cc89dea35236a9eeb5e23,RoyalHotelGR,Hotel
4d7f40e1870037043a668099,LindianVillage,Hotel
4d838c1781fdb1f7fa4be9bf,BSB_fashion,Women's Store
4d865091fb95d7ce414dde63,delipharmacy,Pharmacy
4d88a0cf3acc6dcba3690b1c,GregorysGr,Snack Place
4d88e77fbc848cfacb1fb72b,Mango,Women's Store
4d90a3d1788c54810cb568fd,TaurusHellasSec,Miscellaneous Shop
4d984e32b188721e69cd2437,Mandoulides,Private School
4d9c881dffb92d43f6991b88,Astarte_Suites,Hotel
4d9f5adf8b5741bdacfe8240,RalphLauren,Clothing Store
4d9f6690865d5481bdff3413,Ma_Giw,Beach Bar
4d9f8ecaa77d816e94850509,bp_plc,Gas Station
4da05cfe58c2224bf25a5079,santorinimario,Greek Restaurant
4da0a40ebf22a143dcc587f8,lobbyclubstage,Nightclub
4da496d8bf22a1431c94e1f8,ktelkefalonias,Bus Station
4da59e464b2280544b604cf9,MedFitnessgr,Gym / Fitness Center
4da62b970f2ceb2f8ff672c6,aressanahotel,Hotel
4da9db514df01c19b17c12a5,HUGOBOSS,Men's Store
4dab0a54561462f27d939038,ThermesVillas,Hotel
4daca0604df0c11fcb62f817,CostaCostaBar,Beach Bar
4daebdf14b229076786ca44e,Tango_Santorini,Cocktail Bar
4db11e1a8154905aadba06f3,Avis_Greece,Rental Car Location
4db11ed143a1bea42bc499e8,2psthess,Fire Station
4db12ca193a06157684f9561,ambotis,Travel Agency
4db17db88154905aadc10e55,SephoraGreece,Cosmetics Shop
4db19135a86e63d2116dc159,AtlantisBooks,Bookstore
4db1f8c1cda14b702a523547,roadhousebeach,Beach Bar
4db70c2b6a23c31a034bcc1c,lartigiano,Pizza Place
4db832f4a86e0cd3b66044b2,PrintRoomGR,Paper / Office Supplies Store
4dbf948c4df0f8fd6b89f624,it_teithe_gr,College Technology Building
4dc2f7cd1f6ef43b89d7b2c3,HeavensDoor5,Café
4dc40b18b0fb5556cccc7102,stradivarius,Women's Store
4dcd38c3d4c065592f5fad66,swarovski,Jewelry Store
4dce5b1522718eed7a357afa,makedoniamall,Shopping Mall
4dce7eb5c65bdac71361e128,ChaplinFaliraki,Beach Bar
4dd7d3571838b8561cf059a6,sunpalace_rodos,Hotel
4dda24531520f8ce73d0dd05,GraceHotels,Hotel
4ddbde4d81305a46dba1bc5b,kitchenwas,Advertising Agency
4de23aa92271bfb84495fd28,pkcocktailbar,Cocktail Bar
4de758ad2271b9ccf4da324e,eltrak,Office
4de75cb1fa7639614264c81b,AleaCafeBistro,Café
4deb8814d4c00071b83ecee1,tholosresort,Hotel
4dec7fb145dd3993a8bfdbf6,aldemar_resorts,Hotel
4deccad022713dd973ce2f17,MatziriSigns,Office
4decf5ff45dd64cbbd10c95c,OnarVillas,Bed & Breakfast
4dee44c8d22deb0316f264b1,AenaonVillas,Hotel
4df2010088772e1f814d699f,ObelixSantorini,Souvlaki Shop
4df25e297d8b18e1722ad400,PizzaFan_Tweet,Pizza Place
4df4d38e6284fefe8fc6f5ff,AvraBeachResort,Resort
4dfc7f5ca809d61e2fbffc49,iGeniusGr,Electronics Store
4dfcd5ab8877e9c4749416cd,StudiosLotos,Vacation Rental
4dff6a3945dd3320c882ec05,danairesort,Resort
4e00ca501838cb6a1acbd1b0,KiriniHotel,Hotel
4e01a1ae1495692a4bb983b5,Anatolia1886,High School
4e04381163653b7c0b3e5fbc,theoharidou,General College & University
4e05f2ad1f6e21103383153d,EllinikoThess,Meze Restaurant
4e073f8ad22d658532a49cf3,HotelMakarios,Hotel
4e077e8a8877394591e69bbb,PaliaPlaka,Greek Restaurant
4e0a2aa7483b98d417234bc4,artinweb,Tech Startup
4e0efba0d4c0f6d6b3ff3596,AtriumHotels,Hotel
4e145e09b0fb5dfdd07b0ab4,BazaarSm,Supermarket
4e171960a8090df1eca1d464,KykladesBar,Beach Bar
4e1735bf2271881f2053963b,SavoyRhodes,Hotel
4e189c2f2271b0e971fdf863,pkalamatianos,Seafood Restaurant
4e1c0e3f7d8bdabfd0fa2df8,EanosRestaurant,Greek Restaurant
4e1d7186d4c08930995ce2ce,stelakis_beach,Taverna
4e21898ec65b2b5e35474656,SundayResort,Hotel
4e29dca47d8b7deda6bf3b25,ochrebistro,Wine Bar
4e2a7d9b8877b69d49d5f31a,esperas_oia,Hotel
4e328d841f6e2137f93292ef,maisondeslys,Hotel
4e3291dd18a846d7ed088b6c,paphotels,Hotel
4e341b7418a8efdb17607f92,aida_de,Cruise Ship
4e39013ed4c046ee86b58830,MercedesBenz,Automotive Shop
4e390d7962e16ad099ee3763,MentaCafeBar,Wine Bar
4e3a67e4d164c429b72a19d6,petrinosuites,Hotel
4e40ed1418a875a006a6332d,KipriotisHotels,Hotel
4e4199512271cc7959682743,hotelorizontes,Hotel
4e4549d1b61c03d0ccfba316,LACOSTE,Clothing Store
4e4a8d747d8b3dcca35ba527,Petit_palace,Hotel
4e4b65396284a0b024b2b6e2,thekas79,Jewelry Store
4e4b966be4cde30b72851d83,ammosstores,Boutique
4e4d0d4362e1e5f4671e7bf0,h_responsibilus,Athletics & Sports
4e4d73c4c65be7ec3abbd99f,alexanderinngr,Hotel
4e5170c0d22daf51d2921531,Agnantia,Hotel
4e5266c53151e600e9155584,multirama_gr,Electronics Store
4e5387fdd22d7b9b656d91c5,Jourauthgr,College Communications Building
4e54c831d164a1ac2f38cc46,SixtGreece,Rental Car Location
4e563fd8227140cf12f1f096,BeautyStudioGR,Salon / Barbershop
4e567d2f52b12ddfc1e1ad06,Flamingo_Retail,Shopping Mall
4e57cc1aaeb7eff130d0b60b,venus_victoria,Lingerie Store
4e5912ce18388cd5cb9de55d,daleonardo,Italian Restaurant
4e5bdd1618a8c204752b1faf,CarlsbergGreece,Brewery
4e5c979ad22dcfc93416268e,benetton,Clothing Store
4e5d31d4fa76a4cf148ffd6e,Hotel_Thassos,Hotel
4e62043d8877954de8005e43,Hotelbluebay,Hotel
4e674f73ae609d64bcd25b54,Vicino_Risio,Café
4e725d41ae60854eea2aa717,diagonalgr,Dance Studio
4e73748652b145ffbf91ff51,profitisilias1,Church
4e76df6b1495be5171c0e362,argentobar,Café
4e78af56a809f5bf7326918d,NikoStudios,Bed & Breakfast
4e7c7934c65b16fe020212fc,Fit4All,Office
4e81a185b634415754ae4dce,Arcturosgr,Non-Profit
4e86d7f40cd6559825e6e541,greenfamilygr,Organic Grocery
4e8711062c5b5c22b07cd426,perissabay,Hotel
4e8d6262722e13d13ae029cc,TheBodyShopGR,Cosmetics Shop
4e8d67ea775bde318a7b2a7f,MACcosmetics,Cosmetics Shop
4e9033d230f81ec6ff600c52,chrisplanet,Clothing Store
4e92ca2dd22d95ed0d765fb3,pileahortiatis,City Hall
4e983d536c25f528605ddda9,EurognosiHQ,College Communications Building
4e98469d82310543d2591afe,concorde_gr,School
4e9fd5ee0039b2cba464a091,windhellas,Mobile Phone Shop
4ea2c61e8b81a02f89b7281d,VoiceEspresso,Café
4ea2e0ef99117fc56ca4a11d,bokaterina,Office
4ea528c3490102dac3bbb5d0,DraxisEnv,Office
4ea69f2777c831bd1949e6fa,samtommy,Doctor's Office
4eb6583f7ee5024d7f67f991,WomensagrCo,Café
4eb7b1f0d5fb442a6782dff2,terranovastyle,Clothing Store
4eb81fcda17cab6128685306,itservices_sa,Office
4ebfe6620cd6d2a16f4fcfa5,Villadespina,Bed & Breakfast
4ec8db5dd5fbfa048f3a3254,pastaspizzeria,Pizza Place
4ed0b0ae0e01f1a8802592ba,TEGames,Tech Startup
4ed3e34200391535cd253203,Scalaaparts,Hotel Bar
4ed4d43e61af8b867d0d4b30,TeitheLibrary,College Library
4ed78f14a17c6e17b5e53d06,ElectronetGr,Electronics Store
4ed797c5e5fabbd8a0689202,HRC_SAMARITES,Non-Profit
4ed8c530722e1da300322244,InfoKakiousis,Print Shop
4edb2c7e2c5b50ab9f8c3ce7,KalamariSchool,Middle School
4ee0dc9f7ee54945fe4817bd,makthes,Office
4ee1e3e7f9f47646d7a7a28a,alkis164,Office
4ee489f8e4b04d23e114a678,noufara,Music Venue
4ee8797330f83ed82ae840e8,TVCosmetics,Office
4ee89cebb6342cffb4ba80b6,egnatiatv,TV Station
4ee8f6c56da18ad5d591ea9b,HCoastGuard,Police Station
4ef2fad8c2ee7226a9fc8613,sgiannikis,Pharmacy
4ef4b52929c24e3536cebded,vitansa_,Yoga Studio
4ef4d0f60e011df7b95f2b80,AccessorizeGR,Accessories Store
4ef8e411c2ee9f84857973af,hausofmilo,Café
4efc0aef77c822653f08c538,PhysiomedMic,Medical Center
4f09f546e4b0c3ff857e6369,Athos_Taverna,Taverna
4f0b308ed5fbcc4f3df537ea,SisterBratz,Rest Area
4f168a3ae4b04b3f086036cd,NOPLANgr,Office
4f186bede4b0ebf9e4b105de,dimitrisplatis,Salon / Barbershop
4f19cbe6e5e8318974552ac8,Nespresso,Coffee Shop
4f1c43fce4b0f67a97969bfd,AeolosRentACar,General Travel
4f1d7766e4b0f271e8b6eb0f,Sakisxat,Café
4f22816e754aa9d40321c835,compulangr,Building
4f297a31e4b0f07a96369241,GymAndTonicGR,Gym / Fitness Center
4f2c0eede4b0aa4f6ce0e4d9,mikelccgr,Coffee Shop
4f316263e4b010a3c01e33a8,oxigono,Bookstore
4f375c9fe4b0f4cfde8fa0e6,smartsmokegr,Vape Store
4f3791234fc64328d5fb4551,kelyfos,Resort
4f3a5810e4b03d32df8dd5cc,StefaneGio,Men's Store
4f3d73efe4b02e31120ad011,TroisThessaloni,Nightclub
4f3f5189003932281b048404,gr,Smoke Shop
4f424a81e4b0f4a9fc54982b,TsitsiklisTyres,Automotive Shop
4f4ad32ee5e8cf3fd25a3c30,dendrolivanogr,Hotel
4f4e0cb9e4b05ebee5830bec,Burlesquegr,Café
4f52298de4b028a91efdf58e,liontransfer,Taxi
4f526974e4b0c416045af83b,pizzadoros,Pizza Place
4f55160c003933e2e7055964,kyriakisaouli,Doctor's Office
4f55cac3e4b0398c6e235296,starfm935drama,TV Station
4f566258e4b06d72393ddd58,HotelNikopolis,Italian Restaurant
4f623758e4b0233fb400c6a3,ststam,Office
4f6482bae4b0c65cc44f26d9,GeoXrisos,Salon / Barbershop
4f660043e4b0c65cc5a6d057,nextweb,Coworking Space
4f686c4be4b0c2cd00696a95,MonadaELPIDA,Non-Profit
4f6c568ee4b09530ad37b32b,mama_s_taper,Greek Restaurant
4f6c81c6e4b0463c92c9d8ea,Marmitaskitchen,General Entertainment
4f7026394fc6d87de4403d81,learningevo,Office
4f75cbb97beb90b36ea63a19,OXETTEJewellery,Jewelry Store
4f75d51de4b04e9a8aaaefb7,Hairmides,Salon / Barbershop
4f76aedc121da61ac55d1524,VisionCA,Electronics Store
4f79c4617716bb53304869f7,MatinaPefkos,Hotel
4f79c69d7716bb533048a999,PefkosVillageRe,Hotel
4f79eb07d4f2c803d0e32c13,lufthansa,Plane
4f7b36e3e4b0ec7f4bfcde64,iasisplus,Pharmacy
4f7f02c7e4b049fd33a339c2,ntentopoulos,Design Studio
4f831116be77bf5b12bb6bc6,CWIgr,Office
4f84d44de4b0ab310a3f10f2,eradio,Tech Startup
4f8718d57b0c6e1151dc3a24,asaoulidis,Office
4f87fb18e4b0202c04d58f87,iosifinaphoto,Photography Lab
4f8831a0e4b00a6260b49759,tutto_per_casa,Furniture / Home Store
4f889421e4b0cec3aa738256,stegnakozas,Seafood Restaurant
4f8bf1c2c2ee9c12b8cf03e7,heavymelon,Tech Startup
4f8c5faae4b0c71a7481eeae,mpoulieris,Nightclub
4f8d15b6e4b0704732ea92d5,nikpekridis,Photography Lab
4f8eeb06e4b0bdaf06dcce35,KalafatisSt,Office
4f927eb5e4b0a20c25ae5735,Tsiokas_Xarhs,Office
4f93348be4b01cffa18a02d7,mistralbar,Cocktail Bar
4f953122e4b0f08d41550276,MakedoniaTV,TV Station
4f99bc06e4b0e5d2a75ce1fa,mallioras,Grilled Meat Restaurant
4f9a8e8fd5fb4ed666fb631c,AvanceRent,Rental Car Location
4f9a93efe4b033dc29873f07,TEAM_agency,Office
4f9be4abe4b0de62677d7f0e,TopGreekGyms,Gym / Fitness Center
4f9e9479e4b01764677f17af,Ammoscafe,Café
4fa0d09be4b033a859c2a066,AthinaSuites,Hotel
4fa7e4ffe4b0d90527611093,ISONNeaRedestos,Language School
4fa8fff0e4b038d0ab4c57a2,elixirstudio,Gym / Fitness Center
4fad384d121d27340b3c51b7,cbanio,Furniture / Home Store
4fae6f7ee4b05b8b55e2ea92,GaiaWines,Winery
4fb0b4da7b0c8f8065270f8e,libKavala,Library
4fb35353e4b02908319d1d86,bnspro,Office
4fb5fa3ce4b03322463b345c,webmediastudio,Office
4fbfe96c6d8665bdde03c161,theopist,Hotel
4fc37388e4b08ebeff29a7d0,cafeza,Office
4fc5dd09e5e8be84c8e8ce60,farmakeioHP,Pharmacy
4fc60fd4c2ee989aa4d33671,IlioMareThassos,Resort
4fc61117c2ee989aa4d3655e,novalisterra,Housing Development
4fc72c28e4b08f659ee4c008,MakeAWishGreece,Office
4fd1a4b1e4b0fd4c8ff33958,Veltio,Office
4fd45ae9e4b0aa9a72a56d39,VillaChalkidiki,Vacation Rental
4fd73fdfbe77b2ffdcecbece,biscotto2310,Office
4fd7dda0e4b0bb21997b005d,avrahotel,Bed & Breakfast
4fd8b240e4b00acf823c63f6,nikolaosp4,Electronics Store
4fdb4609e4b0d7bcf02d91b4,pisines,Pool
4fde4efde4b0ede382b53fdf,georgalashotel,Resort
4fdefa09be77dde69e9f0328,sohosfm,Fast Food Restaurant
4fdf437ce4b0735a6efcc636,AristoteleioEdu,Private School
4fdf93f1e4b0357b858ccdd0,CskyInfo,Hotel
4fe0a6abe4b0c602e5bd7ef4,cathrinhotel,Resort
4fe479c8e4b0de20a35ff848,cplusbeauty,Spa
4fe6f8f54fc678c7441fb118,LeivathoHotel,Resort
4feac88183023e87bae36f82,SakisInterhome,Office
4ff30d6f067d750fda78fc26,olochroma,Jewelry Store
4ff6e589e4b083d14c0cfe34,MeliMeliHotel,Hotel
4ffbda75e4b02d09f9ca0808,petco_smeg,Furniture / Home Store
50017acbe4b06407f6af3051,Villa1Alexandra,Vacation Rental
5004431590e7577d4b288cab,MarinetLtd,Office
5007e11f29a66199a8a4669e,SplendourResort,Hotel
50093287e4b02b1cbab8d9db,VisitGreecegr,Tourist Information Center
500d55bcf31c9784e0dfccb1,MARINA_Stores,Miscellaneous Shop
500de119067d0cf9b4667c0e,ammouliani,Hotel
500de1eb067d0cf9b4668f78,alikescamping,Hotel
500ea78de4b08b8aba4b6deb,SILENZIOgreece,Men's Store
500fd59ae4b05969b6cead34,marketgalaxias,Supermarket
50118b42e4b0b96016ecf8df,liveloulasandal,Gift Shop
50162925e4b0dbe1592de5a0,Triton_Cruises,Cruise Ship
501e7fa7e4b05160dd95555f,ErsiVillas,Hotel
50213b4ae4b0023302327d7b,cristiansutu,Beach
5024f143e88928412d986352,CartridgeGreece,Paper / Office Supplies Store
5031053de4b0504d9f236c4e,_Afrodites_,Greek Restaurant
5033568f1648095c7f3c2d63,vagpar,Dentist's Office
5034e685e4b098e3f9a5895d,brigitte_boutiq,Boutique
50367bc590e707f801884477,ThessalonikiUA,General Travel
503c559ce4b0fa23d447b172,Portes_Beach,Hotel
503ca8f5e4b031746f549d56,afisestelos,Recycling Facility
503fa116e4b0831ca7b948f9,PharmcareGr,Pharmacy
503fd9bef136f16c2f2efd43,AlexanderHaus,Hotel
5040d9a08acab3f2548aed22,SpoonThess,Café
50410efc52621bf519a7c55e,MultishopTobacc,Smoke Shop
5045b47af2e7cca8e91d261f,roninkendoclub,Athletics & Sports
504621bbfe70794038f9db6a,furnituregreece,Furniture / Home Store
504d8f3de4b0ef19b1a255aa,alexandrospas,Hotel
504e1cade4b0f7c8cfda4245,athoscuba,Dive Spot
5050b63ee4b0dd1afe0df670,AnabiosiSA,Medical Center
505725fee4b0244ddf9cc6ab,pointblank_gr,Office
5059c194e4b01b7ff5e43310,mynewdenim,Clothing Store
5059c9da8acae831db4c08ac,Pellet24,Furniture / Home Store
505c1b57e4b06d1d2a535305,FabioZardi,Event Service
50634a25183f10b6f3077de3,AnthiMariaApart,Hotel
5066ab48e4b03c3d3a74ed03,eFantasygr,Hobby Shop
506aa323e4b070cad7845de3,BeeRealEstate,Office
5072a991e4b01a359a0cdd1d,CineTopo,Student Center
507c13b8e4b06fd3ab42b705,sxediastinpoli,Non-Profit
5086ab72f31c18f69e7dd873,LIDAfootwear,Shoe Store
508d6c3ce4b04ae5908d21d5,celestyalcruise,Cruise Ship
5090dde1e4b085028058357d,HellasGoldSA,Factory
50917f30e4b014dc94dea561,moustakastoys,Toy / Game Store
50a4a8c5e4b0521a6c798ba4,Anamo,Tech Startup
50aa6c08e4b0b2e8c0fc6a8c,SV2HRT,School
50b8b8c1e4b0073faa8d8af2,ziz_,Electronics Store
50bdfe9f183f8c83cf2c9189,tosergiani,Dance Studio
50be31a5d63e309279e8ac6f,metro_cashcarry,Warehouse Store
50ce085ee4b0fb9333497678,OffRhodesAdv,Other Great Outdoors
50d17eb719a920892e18054e,Mersinias,Doctor's Office
50d6f9e18302d45677959b06,msbswim,Sporting Goods Shop
50e1bc3d39506f986841f6ba,littlelindos,Hotel
50e3fa09011c10ca3a237e08,Wine_Adventure,Travel Agency
50e54dafe4b0868ca1759951,VisitHalkidiki,Government Building
50e732e0e4b0485147a84602,designersuntd,Design Studio
50ebd34ce4b0aaf3b6d494c8,DELTA4SA,Building
50ebdcb5f2e76d8a97fee367,yogenfruzgr,Frozen Yogurt Shop
50eda0a8e4b09df444774096,MadGymThess,Gym / Fitness Center
50edb507e4b0da7c9ab3df69,Alkin00s,Movie Theater
50edc90de4b0385a578cd67f,totsai_thes,Tea Room
50f3d277e4b055cf76517cc2,LiberoFM,Radio Station
50f92376526227d02a3856c3,TheDKGgroup,Office
50fc12278aca2511ba8b9ec1,PalaskaPharmacy,Pharmacy
5100150519a9772d98978e3d,sakkoulidis,Office
510290bae4b051e6762136b1,madbluepro,Music Store
510a46498aca4ab923adfa74,loginetGR,Office
510feb5fe4b0a47aca486419,The_iStore_gr,Electronics Store
511107b3e4b0ef90accad284,HCNGreece,Tech Startup
511260b6d86c812cefff58aa,BoConceptGreece,Furniture / Home Store
5116d611f31caa2d26a51814,Portokoufo,Resort
5119557270434ea672651190,Aspasiajewel,Hotel Bar
511cd2a045b081ec9ba9d4c2,PomegranateSpa,Hotel
511f4cc1e4b0d6060d15c8fb,greek_feta,Factory
51263086f2e762502bc5f490,angelopedro_gr,Office
512b41ffc84c5f3fa6a9c461,Asteristh,Pharmacy
5134d46d8302165c5c7994bc,gaspoffice,Paper / Office Supplies Store
513b8f5fe4b07db920aedd68,Diavasi_Pezon,Campaign Office
5142ec73e4b05786b8aab5cf,HephaestusBME,Factory
51481be8e4b06da9f008a75e,EngineerLawyer,Office
51486c23e4b07d65d7a4cdad,yannis1068,Strip Club
51486cc4e4b01ce9a4fc0047,LIVARDAS,Clothing Store
514ad5ebe4b0e04b815c4ebb,MilarakiService,Electronics Store
515af478fe709f8d12be7354,CarpetU2,Furniture / Home Store
515e9c1ce4b0fd9ec9a3b8ce,PharmacyMegast1,Pharmacy
516527b2e4b01054c4b421b1,BizWriter,Office
516c479c183f4c4fb36a428e,Anemomilos2006,Ouzeri
516d4f6ef2e7712ac84013db,germanakadimia,Soccer Field
51726af0f31c515392367e00,Youdrive_,School
5178e0a8e4b038ca267d45fe,Knikos28,Bakery
517bc42be4b0ab79746a5270,PitsasCamp,Campground
5182a6937dd25bd3099f12f3,CompuSpotgr,Electronics Store
518a45c4498ed06834fe538c,playcompass,Office
518b4c01498e94d9aaf43150,SkiesAcademy,College Academic Building
518b59a9abd866496e2a68d6,TribalCollectio,Jewelry Store
518b6a5e7dd23ee9ee4e0379,Queen__Olive,Gift Shop
518cae8d498eb6785a0dd4b8,synfor,Bookstore
518cce19498e55541c94c82a,Syneso,Non-Profit
51939686498e224c9b5c1bce,LazyLizardBar,Bar
5193ca9b7dd23473184e734b,neotronio,Salon / Barbershop
5199ee3b7dd25a7c0c8f7896,creat3d,Office
519aa225498ef136ed22f2f6,BET,Conference Room
519c74b1498ea7832eb8929a,mycellsgr,Office
519fb069498eaa7a6966782a,PhilianHotels,Cocktail Bar
51a146e2498e38db150b34e5,Dedrospito,Lounge
51a5c4db8bbde2b40b9fb2a0,YuppiCamp,Summer Camp
51a663c5454a001c4552be1d,MikelSerres,Coffee Shop
51af6e087dd24451b69622a0,Dietologos,Nutritionist
51b1fba4498e9c747438680b,iMetafrasi,Office
51b22d3f498e798a721806cd,SweetiesDonuts,Donut Shop
51b33309e4b0e0ce50dda328,HeavenHotel_,Hotel
51b83837498ef5a0a18f282d,BeesKneestheBar,Cocktail Bar
51b8593f498ebbe1ec28d459,tonerhellas,Paper / Office Supplies Store
51c16e66498efff55ffba0c6,ALPHA_STOCK,Building
51c33628498e511b5dbe6607,atlasmc,Office
51c55143498e932cb7c63053,odeioaigaiou,Student Center
51c81f1c498e8a3a792263d1,HotelMatina,Hotel
51dabedc498e1a11440f1e92,avantifurs,Boutique
51dd3b52498eeb832df36083,AthosSeaCruises,Boat or Ferry
51dd5e68498e01952dac8884,agnesmara1,Design Studio
51dfee258bbd3f82779ca2e4,emmanuelaGR,Jewelry Store
51e00542501991b0f5886715,ThePetShopGr,Pet Store
51e674a550191a56e637a6cc,BebeMaison_gr,Furniture / Home Store
51e6e545498efc97c3e18606,Levelsportshall,Gym
51e8e219498e64e3b185bd52,agrelia,Hotel
51ed112e8bbdf820d0f02aa0,clipnewsgr,Office
51ed7c2d498e8270c788c52e,Viraggas,Hotel
51f0f256498e6834322b388d,campingouzouni,Campground
51f17252498ee9f3fda1cb7e,yoganahata,Yoga Studio
51f34b42498eed6b1a115434,diakoum,Hardware Store
51f44f9c454af0e69f77ef11,stickygr,Furniture / Home Store
51f828e5498ea51ab9b9b5c5,JOHNMARYRHODES,Hotel
51fc1f4f498ed77bd97ccae5,AkropolisHotel,Hotel
5200d10e498ef38aae80ba2d,Vfashiongr,Accessories Store
52094f8c11d2c4020fcad8b1,LoxandraStudios,Bed & Breakfast
521229cd498edfc862576384,PrimowearHellas,Clothing Store
52138e032fc6707a7a241bcd,sociallgreen,Tech Startup
521620a711d26f623d0f0673,Diamantis_Store,Men's Store
52168bc811d2210d4406a6cb,imarethotel,Café
521ac9f711d22d0e9ee2e110,seakayakhalkidi,Athletics & Sports
521c4cac11d2a39eba3eb9f8,natsiosapartmen,Vacation Rental
52224e8911d2a648aa1d063a,Stonewavenet,Tech Startup
522b71950493fa11eaa3064d,126clothing,Clothing Store
522ddcc27e4835fb04660a71,paramythades,Performing Arts Venue
5239990f8bbd90925da8ec4c,Soulmag,Funeral Home
523c029c93cd62878ebeacf5,ThalassaTravel,Tourist Information Center
523d7e4a498e092f95356bdf,butterfly,Advertising Agency
523d92e293cda743d2db7250,NOUSinstitute,Student Center
52418b9511d283652dc9585a,ufcthessaloniki,Gym / Fitness Center
52488d6511d2b72ef4fe61b8,RedCapLove,Food Truck
5257e511498e2e1ed2daf5c0,Design_Is_This,Arts & Crafts Store
525adc4511d2665800ddfdb1,visionpcservice,IT Services
525ef07311d250677edb5199,AnemoliaVilla,Hotel
525fff9b11d2922ea32f6d80,thanasisbesas,Dentist's Office
526b702811d21b55f269c485,miltossweets,Dessert Shop
5271163311d2888bb72cc2c2,atc_iata,General College & University
52796daa11d2a3bea0ab064d,_Keftedaki_,Grilled Meat Restaurant
527f815011d237e8a9f3d177,ToMeliMou,Candy Store
52809fca11d237e8b76f7b95,Polyptychon,Office
52823a1611d2c3fb3659d78b,PaxBurgers,Burger Joint
5283806711d2e96a96f1258c,CherryboxGR,Cosmetics Shop
5286759011d2398844f70fcd,DrXiromeritis,Doctor's Office
52a0729211d27f86011a5a7b,Apostolidis_M,Men's Store
52a1d46a498e19c86c918492,AxonKamara,School
52a774c311d272b1fa6df92f,HellenicRescue,Non-Profit
52aada1511d22adbb993f156,PaastelTrike,Factory
52b01c23498ed29ef6bfcbde,saltopublishing,Bookstore
52b4ed7711d2513dd91f51f6,VillaOasisgr,Resort
52c555ed11d2fbe2770a5089,tasosv,Hotel Pool
52d7e1e3498ed9360e38c941,souroticompany,Factory
52df6eea498eb036e1d65aec,DanielApts,Bed & Breakfast
52df7dcc498e824a210dde7a,portareto,Furniture / Home Store
52dffeb4498ead180eb00893,imarinopulos,Medical Center
52e6ffc0498e220da6c41f66,LogistisGr,Financial or Legal Service
52ea1eb211d239100b101f19,Stefan_fashion,Men's Store
52ea78c511d26305c62c5340,axonperea,School
52eaa64511d22effee0e4c4e,OiaTreasures,Art Gallery
52eb649311d2739b70431d9c,Bonjour_Toumpa,Café
52eb9737498e0a8fca1bbbce,Maklithari,Greek Restaurant
52ec9bdf498e220cb9eb3420,FOCUSFM1036,Radio Station
52fa9bd6498e090bb6fc1593,CheckInCoffee,Bagel Shop
52fd29ed498ea654db9a80a9,Laenye,Paella Restaurant
5301de27498eb15d438c8a5b,dreamabout_home,Furniture / Home Store
53089e0c498eb868419cc03b,ARTopoiein,Bridal Shop
530c97c5498e209013b7d746,dopebeatstudios,General Entertainment
530cd940498e3bd1fdc85963,breezerhodes,Supermarket
531312f311d2f36866ed0c8a,artdecon,Office
5315df6b498e8cb0ed93b51b,sostidiatrofi,Office
531c3345498e862e2ecf1b76,FishSpaRelax,Spa
53207ac7498e9af50709de1e,pameCOPA,Betting Shop
532323bb498eff5b2f6aa440,lazarosstudios,Hotel
53238bb811d2033b47050d28,VolverStage,Nightclub
5332bfab498efb598e0ec666,lilacafe,Café
533eeaa9498e399d6ddaa0b5,SunAnemosResort,Bed & Breakfast
534438cc498e44a0f4b01d0e,thassosseascape,Hotel
5344613a498ed960b6cf1fc6,RodosArtGallery,Art Gallery
53457e11498e4eb10fb98d46,coffeebrands_gr,Coffee Shop
53468172498ede3f615dd81d,protopiato,Fast Food Restaurant
5347f4af498ed8e718e71539,Mathitiada,Athletics & Sports
5348e213498e31ec0d124408,ComWorld,Electronics Store
534e42a0498e5ad1845b4926,TheMassageSuite,Massage Studio
5355353511d23953ed33b08b,grammikagency,Advertising Agency
535a5a7b498e235672e0ef64,AcroterraRosa,Hotel
53620160498e50976f6a556e,ArchitectOn_Net,Office
53623771498e14021c132f7d,sitestoregr,Office
53625982498e18140bbc101b,oldhouseafantou,Greek Restaurant
5367da5f498ef1db24f47b3c,smilebite,Dentist's Office
536ca153498e1b42aae77f2c,Doublein180,Café
53723d5b498eef29525abcea,forthnet,Electronics Store
5373756a498e5c4d711ed6c9,PalladiumH,Hotel
537638bc498ee8592b5ddaef,toereisma,Student Center
537cb25c498e0dae7372f0f6,Olive_Street_,Mediterranean Restaurant
537dfa86498ea5ac20070439,leleclothing,Distribution Center
53835321498e59fc12827f3d,qjewellery,Jewelry Store
5388d7e0498e1afc163677a2,MassayaThess,Middle Eastern Restaurant
538c63fd498e0f4310f5596f,ilB0rgo,Restaurant
53972ddd498e57e156a2dc72,HotelAngelica,Hotel
5399584e498ef219412ac9cb,wearepcubed,Advertising Agency
539ddaa1498e08a9ddc7f14e,baiaseasiderho,Beach Bar
539f7a35498e718f89e22308,HappyCookgr,Furniture / Home Store
53a2f27d498e76e4d42f5e32,ComidorCloud,Office
53abae99498e0962d31cd902,rhodiantours,General Travel
53b15b04498e0bd7ae4e6e5f,SaharaResortGR,Beach Bar
53b7f609498ef6049fef4975,dwhitegr,IT Services
53b8822a498ef0074d9c8f54,Hotel_Kastoria,Hotel
53b91488498e31f84cfe5e52,FilimegasFurs,Leather Goods Store
53c3a5b3498eaf9941a225ea,holiday_greece,Travel Lounge
53c54efb498ef1a02841d599,leonidas1133,Bowling Alley
53cae0d9498ed67cda62d61c,centralfira,Hotel
53d253d1498e7657f42d406a,techcompanygr,Electronics Store
53daaf01498efb647c6d57c1,amb24gr,Financial or Legal Service
53f1fe7b498e52a63d7f69b2,POVstudioThess,Photography Lab
53f23096498e11e8f5c716b7,kripishouse,Vacation Rental
53fe59c9498e05edf9e16aaa,amphipolistomb,Museum
541df007498ed1e007597f14,farmakeiokosti,Pharmacy
54214bbc498ef421d55e4398,EnploBoutique,Bed & Breakfast
54293f83498e1ba5553000d4,oxtampito,Sports Bar
542d8921498e1c806a957e21,hexabit,Advertising Agency
542e86ff498e14ac516efe4c,Hash_Travel,Athletics & Sports
54323d6c498e3f8059511dd9,diploclick,IT Services
543ec4f3498edc927457ba54,sdialekti,Jewelry Store
544a463e498e45ba2fb61c05,Safesalesgr,Electronics Store
545a2554498e801a49d3567a,DieselTravel_gr,Travel Agency
545a413e498ef87f8e84b13c,maganiai,Mediterranean Restaurant
545bde73498edac21f1c072f,happyplayGR,Daycare
5475a59e498e52f9d3d029b8,Jean_gr_eshop,Clothing Store
548572dc498e314a750a19e1,manolishouseGR,Vacation Rental
548ebeee498e00314e721a4c,litsapanagi,Hotel
54930b7c498efc2e45d60284,esmokers_gr,Vape Store
54a02f2c498e9fa6cedc49f8,northadventures,Boat or Ferry
54a134c9498e81619d8859a9,Choureal1,Dessert Shop
54b4fcc5498e16364a316136,blackout_shoes,Shoe Repair
54c3442a498e342726b93ec6,darkponyltd,Tech Startup
54e35605498ed723992ed710,RAC_Advertising,Business Service
54f30c92498e6540d9015b2b,LambdaSpace,Event Space
54f34c44498ecc627d91393c,FiloxeniaVillas,Hotel
550a9515498e905bcef340bd,onesalonica,Outlet Mall
550b2d11498e82297b35f227,ChickenBargr,Fried Chicken Joint
550ed3ab498e074a6195c78a,CanvasSuites,Hotel
5515a0c1498e18feb90d179f,EvitaResort,Resort
552e2cf1498e866db9c4fab5,MrGadgetEshop,Mobile Phone Shop
553a04dc498e037083bf9bab,VenetsanosWines,Winery
553bc7d1498e9909f47636c0,gianmoshos,Vape Store
553d0109498eb1b18f63ef79,WE_skg,General Entertainment
55434a07498e38ff84fb71d0,CoconesGR,Cocktail Bar
5551d961498e2f160f31ced8,SophiaSuites,Hotel
5551f3e4498ed80554c997a2,elektroniowheel,Bike Shop
555ae5ed498e21bbacb5d78d,Anavasis_,University
5561f78e498e67d3e89c7b64,AAA_BeachVillas,Hotel
5564319b498ea6a5e2da424b,SalonikiouBeach,Resort
5564566d498e887e7caac17f,HCCAthens,School
5581a6a1498e05173e7f285b,ErgonFoods,Gourmet Shop
558dcefc498e4c0e3fcef6f1,Verandabar_,Cocktail Bar
55913308498e164a641cd913,Axios_Delta,National Park
5591a0ac498eca6c0673905e,bluelagoongroup,Resort
559e3da5498e3287c8a08353,bibelekoujewels,Boutique
55a90cda498eac366cef3151,oiavineyart,Greek Restaurant
55b0f605498e6282c2b76b12,sakasresidences,Hotel
55c35abb498e84c887bcce0f,DreamVillaGR,Vacation Rental
55d651c3498e2dc0ed3679f7,LaptopLiberta,IT Services
55dec67f498efde4a5efb0f1,Newlaw_Firm,Lawyer
55eac590498e8e6ffffee069,MyTaxFriendGR,Financial or Legal Service
55ecb023498e64d24573b98b,nailtalessalon,Nail Salon
55eed1dd498e57241e101b52,makemuesli,Deli / Bodega
55ffbd6d498eb466f8819957,FournoiZimoto,Bakery
56029da0498ef0ac4c664be8,EvangeliaRooms,Vacation Rental
56029eff498e9242a680a26d,stamatiaapts,Vacation Rental
560454ac498eef0c0f062983,theButler_gr,Bar
560fc5a3498e53f286abf41c,PsarakiKavala,Ouzeri
561b9d7a498e5a2eb40283c2,otelatoglu,Lawyer
56222be5498e1de572a27d6d,33strBeauty,Nail Salon
5638b7aecd107eb54ff159e3,Bubbletale,Bubble Tea Shop
5648c5b2498e44610fdb6186,thecaravangr,Bed & Breakfast
564c2469498e1903a2a38257,imedgreece,Health & Beauty Service
564d936a498e84624a253bbe,Typomplouzakia,Print Shop
56508e9f498e0883ba08501c,SiennaSantorini,Hotel
5669be29498e68988d92f88f,wEndowproject,Resort
56839862498e0c3fe0a8b2b0,halkidikisail,Cruise Ship
5697e1c6498e9e387b354528,VillaEftihia,Vacation Rental
56a8d46d498ee19dfb5f301d,VoukasVasilis,Clothing Store
56ae366238faae8403d1ae6e,MeliArtosKav,Bakery
56b0f8cc498e7c1a66ec09fa,sneakerstown,Sporting Goods Shop
56b1d99f498e97575135b86a,otakustoregr,Toy / Game Store
56e07b44cd10ce0750d496fc,casa_mameli,Vacation Rental
56e1d55a498e8f8e6ca02a68,LuxuriousVillaA,Vacation Rental
56f41040498e8c44689dddbd,bufalagelato,Ice Cream Shop
572d08ee498e0122d00362d2,MoMix_Bar,Other Nightlife
57339c84498eccf0c2ee9a6e,milopetrabakery,Bakery
573748c6498e153301e32058,sunsanshop,Art Gallery
5745c353498e7ea32f1d7d72,Fougaro_Beach,Beach Bar
577e8e21498ea3e75fbebe6e,NutritionistGr,Nutritionist
57c96350498e982da24c34e5,FootForward_,Sporting Goods Shop
57ca6a27498ef7ba7f03117f,kripisgr,Vacation Rental
57fcc5d6498e75311ae6e223,toysshopgreece,Toy / Game Store
5815d8b838fa4b940c9d5ebe,Seven2SevenGR,Café
581df6d749c04371301ba0d9,makrishotel,Hotel
5874d3f81470b0699133c09c,akrosantorini,Modern Greek Restaurant
58860828349355113bb52ea9,pedodontiatros,Dentist's Office
588d09830393cc517eb926e2,Calypso_Cruises,Boat Rental
589089e651666a083ed35582,WATTandVOLT,Business Service
589a27dca36ecd617ca3b407,rollitgr,Gift Shop
58d4f8e9102f476c3076112e,Youbath_Gr,Construction & Landscaping
58d5109fd7b473223a5e6b7d,WaterSportRodos,Boat Rental
58d7d19a9398ab2cb1276399,homeliathassos,Hotel
58e899f7668af70c79e75ea7,kalliopianemoul,Bridal Shop
5901c28e5f68b9462014d4de,santoriniRental,Rental Car Location
592af47bd41bb74f6e1c530b,hellofrom,Gift Shop
5965bd005455b213b7ec3bc3,Looksomething,Advertising Agency
5971eb96eacf453223ddf9fb,PantelisMpa,Wine Shop
59732f704420d810a5b6e0d7,mitsishotels,Hotel Bar
599c8ae89be5221290df1529,24hrgr,Grocery Store
59b9219d9ec3993c7d5f7e45,NyxCosmetics,Cosmetics Shop
59e78b71b040562b0047f056,AEO,Clothing Store
5a2fec0d3ba767094558903f,ellisskg,Nightclub
5b3de8f39b0473002c7ee5bb,gstavr1,Betting Shop
5b4328302b274a002cee93e1,UKEnterprise,Rental Car Location
5b52cc0a123a19002c9d2042,DrGkotsikas,Doctor's Office
5ba601b98b98fd002c3541fc,keftebar,Restaurant
5bc0a3cb2b9844002cb6ca6b,marketing_gr,Office
5d232ac32535920023a15749,HmHomeOfficial,Furniture / Home Store
5d49b37e23d6dc0008728234,RegusGlobal,Business Service
5dac2b279a2ad20008687eb1,BigBangSchool1,School
5dd7d9806292a10008142d5c,drivehellas,Rental Car Location
