Name (Long),Surname,Name,Party,Twitter Handle
Βιλιάρδος Διονυσίου Βασίλειος,Βιλιάρδος,Βιλιάρδος Βασίλειος,ΕΛΛΗΝΙΚΗ ΛΥΣΗ,ViliardosV
Αλεξοπούλου Κωνσταντίνου Αναστασία - Αικατερίνη,Αλεξοπούλου,Αλεξοπούλου Αικατερίνη,ΕΛΛΗΝΙΚΗ ΛΥΣΗ,anaik2020
Αθανασίου Ευαγγέλου Μαρία,Αθανασίου,Αθανασίου Μαρία,ΕΛΛΗΝΙΚΗ ΛΥΣΗ,MariaAt03902914
Βαγενάς Κωνσταντίνου Δημήτριος,Βαγενάς,Βαγενάς Δημήτριος,ΕΛΛΗΝΙΚΗ ΛΥΣΗ,B3Vagenas
Ασημακοπούλου Δημητρίου Σοφία - Χάιδω,Ασημακοπούλου,Ασημακοπούλου Χάιδω,ΕΛΛΗΝΙΚΗ ΛΥΣΗ,SofAsimak
Μυλωνάκης Αντωνίου Αντώνιος,Μυλωνάκης,Μυλωνάκης Αντώνιος,ΕΛΛΗΝΙΚΗ ΛΥΣΗ,AntMylonakis
Αβδελάς Κωνσταντίνου Απόστολος,Αβδελάς,Αβδελάς Απόστολος,ΕΛΛΗΝΙΚΗ ΛΥΣΗ,avdelas_ap
Χητάς Αχιλλέως Κωνσταντίνος,Χητάς,Χητάς Κωνσταντίνος,ΕΛΛΗΝΙΚΗ ΛΥΣΗ,chitaskostas
Βελόπουλος Ιωσήφ Κυριάκος,Βελόπουλος,Βελόπουλος Κυριάκος,ΕΛΛΗΝΙΚΗ ΛΥΣΗ,velopky
Μπούμπας Ιωάννη Κωνσταντίνος,Μπούμπας,Μπούμπας Κωνσταντίνος,ΕΛΛΗΝΙΚΗ ΛΥΣΗ,kostasmpoumpas
Αρβανιτίδης Πέτρου Γεώργιος,Αρβανιτίδης,Αρβανιτίδης Γεώργιος,ΚΙΝΑΛ,Arvanitidis_Geo
Αχμέτ Σαμπρή Ιλχάν,Αχμέτ,Αχμέτ Ιλχάν,ΚΙΝΑΛ,ilhanahmet
Γεννηματά Γεωργίου Φωτεινή (Φώφη),Γεννηματά,Γεννηματά Φώφη,ΚΙΝΑΛ,FofiGennimata
Γιαννακοπούλου Ιωάννη Κωνσταντίνα (Νάντια),Γιαννακοπούλου,Γιαννακοπούλου Νάντια,ΚΙΝΑΛ,ngiannakopoulou
Γκόκας Ναπολέοντα Χρήστος,Γκόκας,Γκόκας Χρήστος,ΚΙΝΑΛ,
Καμίνης Βασιλείου Γεώργιος,Καμίνης,Καμίνης Γεώργιος,ΚΙΝΑΛ,KaminisG
Καστανίδης Γεωργίου Χαράλαμπος,Καστανίδης,Καστανίδης Χαράλαμπος,ΚΙΝΑΛ,KastanidisHaris
Κατρίνης Ιωάννη Μιχαήλ,Κατρίνης,Κατρίνης Μιχαήλ,ΚΙΝΑΛ,michaelkatrinis
Κεγκέρογλου Αλεξάνδρου Βασίλειος,Κεγκέρογλου,Κεγκέρογλου Βασίλειος,ΚΙΝΑΛ,bkegeroglou
Κεφαλίδου Δημητρίου Χαρούλα (Χαρά),Κεφαλίδου,Κεφαλίδου Χαρά,ΚΙΝΑΛ,xarakefalidou
Κωνσταντινόπουλος Κωνσταντίνου Οδυσσέας,Κωνσταντινόπουλος,Κωνσταντινόπουλος Οδυσσέας,ΚΙΝΑΛ,Odysseas_
Κωνσταντόπουλος Χρήστου Δημήτριος,Κωνσταντόπουλος,Κωνσταντόπουλος Δημήτριος,ΚΙΝΑΛ,dkonstantop
Λιακούλη Θεοφάνη Ευαγγελία,Λιακούλη,Λιακούλη Ευαγγελία,ΚΙΝΑΛ,p1l1sulLrVED8tt
Λοβέρδος Νικολάου Ανδρέας,Λοβέρδος,Λοβέρδος Ανδρέας,ΚΙΝΑΛ,a_loverdos
Μουλκιώτης Βασιλείου Γεώργιος,Μουλκιώτης,Μουλκιώτης Γεώργιος,ΚΙΝΑΛ,GMoulkiotis
Μπαράν Νετζαντή Μπουρχάν,Μπαράν,Μπαράν Μπουρχάν,ΚΙΝΑΛ,BurhanBaranDr
Μπιάγκης Σπυρίδωνος Δημήτριος,Μπιάγκης,Μπιάγκης Δημήτριος,ΚΙΝΑΛ,dimitrisbiagkis
Πανάς Νικολάου Απόστολος,Πανάς,Πανάς Απόστολος,ΚΙΝΑΛ,PanasApostolos
Παπανδρέου Ανδρέα Γεώργιος,Παπανδρέου,Παπανδρέου Γεώργιος,ΚΙΝΑΛ,GPapandreou
Πουλάς Θεοδοσίου Ανδρέας,Πουλάς,Πουλάς Ανδρέας,ΚΙΝΑΛ,AndreasPoulas
Σκανδαλίδης Γεωργίου Κωνσταντίνος,Σκανδαλίδης,Σκανδαλίδης Κωνσταντίνος,ΚΙΝΑΛ,KSkandalidis
Φραγγίδης Σταύρου Γεώργιος,Φραγγίδης,Φραγγίδης Γεώργιος,ΚΙΝΑΛ,FragidisGeorge
Γκιόκας Χρήστου Ιωάννης,Γκιόκας,Γκιόκας Ιωάννης,ΚΚΕ,
Δελής Ιωάννη Ιωάννης,Δελής,Δελής Ιωάννης,ΚΚΕ,
Κανέλλη Χρήστου Γαρυφαλλιά (Λιάνα),Κανέλλη,Κανέλλη Λιάνα,ΚΚΕ,
Καραθανασόπουλος Πέτρου Νικόλαος,Καραθανασόπουλος,Καραθανασόπουλος Νικόλαος,ΚΚΕ,
Κατσώτης Περικλή Χρήστος,Κατσώτης,Κατσώτης Χρήστος,ΚΚΕ,
Κομνηνάκα Αποστόλου Μαρία,Κομνηνάκα,Κομνηνάκα Μαρία,ΚΚΕ,
Κουτσούμπας Αποστόλου Δημήτριος,Κουτσούμπας,Κουτσούμπας Δημήτριος,ΚΚΕ,
Λαμπρούλης Αριστείδη Γεώργιος,Λαμπρούλης,Λαμπρούλης Γεώργιος,ΚΚΕ,
Μανωλάκου Εμμανουήλ Διαμάντω,Μανωλάκου,Μανωλάκου Διαμάντω,ΚΚΕ,
Μαρίνος Βασιλείου Γεώργιος,Μαρίνος,Μαρίνος Γεώργιος,ΚΚΕ,
Παπαναστάσης Αθανασίου Νικόλαος,Παπαναστάσης,Παπαναστάσης Νικόλαος,ΚΚΕ,
Παπαρήγα Νικολάου Αλεξάνδρα,Παπαρήγα,Παπαρήγα Αλεξάνδρα,ΚΚΕ,
Παφίλης Σπυρίδωνος Αθανάσιος,Παφίλης,Παφίλης Αθανάσιος,ΚΚΕ,
Στολτίδης Δημητρίου Λεωνίδας,Στολτίδης,Στολτίδης Λεωνίδας,ΚΚΕ,
Συντυχάκης Δανιήλ Εμμανουήλ,Συντυχάκης,Συντυχάκης Εμμανουήλ,ΚΚΕ,
Αδαμοπούλου Αθανασίου Αγγελική,Αδαμοπούλου,Αδαμοπούλου Αγγελική,ΜέΡΑ25,
Αδάμου Στεργίου Κωνσταντίνα,Αδάμου,Αδάμου Κωνσταντίνα,ΜέΡΑ25,konstantinaada1
Απατζίδη Κυρίλλου Μαρία,Απατζίδη,Απατζίδη Μαρία,ΜέΡΑ25,ApatzidiM
Βαρουφάκης Γεωργίου Ιωάννης (Γιάνης),Βαρουφάκης,Βαρουφάκης Γιάνης,ΜέΡΑ25,yanisvaroufakis
Λογιάδης Σοφοκλή - Εμμανουήλ Γεώργιος,Λογιάδης,Λογιάδης Γεώργιος,ΜέΡΑ25,GeorgeLogiadis
Μπακαδήμα Αγαθοκλή Φωτεινή,Μπακαδήμα,Μπακαδήμα Φωτεινή,ΜέΡΑ25,fbakadima
Αρσένης Δημοκράτη Κρίτων - Ηλίας,Αρσένης,Αρσένης Ηλίας,ΜέΡΑ25,karsenis
Γρηγοριάδης Γεωργίου Κλέων,Γρηγοριάδης,Γρηγοριάδης Κλέων,ΜέΡΑ25,
Σακοράφα Ηλία Σοφία,Σακοράφα,Σακοράφα Σοφία,ΜέΡΑ25,SofiaSakorafa
Γεραπετρίτης Βασιλείου Γεώργιος,Γεραπετρίτης,Γεραπετρίτης Γεώργιος,ΝΔ,
Γιαννάκου Παναγιώτη Μαριορή (Μαριέττα),Γιαννάκου,Γιαννάκου Μαριέττα,ΝΔ,m_giannakou
Θεοδωρικάκος Δημητρίου Παναγιώτης (Τάκης),Θεοδωρικάκος,Θεοδωρικάκος Τάκης,ΝΔ,theodorikakosp
Πικραμμένος Όθωνος Παναγιώτης,Πικραμμένος,Πικραμμένος Παναγιώτης,ΝΔ,
Ταραντίλης Δημητρίου Χρήστος,Ταραντίλης,Ταραντίλης Χρήστος,ΝΔ,xtarantilis
Συρίγος Ματθαίου Ευάγγελος (Άγγελος),Συρίγος,Συρίγος Άγγελος,ΝΔ,angelossyrigos
Πιπιλή Ανδρέα Φωτεινή,Πιπιλή,Πιπιλή Φωτεινή,ΝΔ,FotiniPipili
Μπογδάνος Σπυρίδωνος Κωνσταντίνος,Μπογδάνος,Μπογδάνος Κωνσταντίνος,ΝΔ,bogdanosk
Κακλαμάνης Μιχαήλ Νικήτας,Κακλαμάνης,Κακλαμάνης Νικήτας,ΝΔ,NKaklamanis
Κεφαλογιάννη Ιωάννη Όλγα,Κεφαλογιάννη,Κεφαλογιάννη Όλγα,ΝΔ,olgakef
Κικίλιας Παναγιώτη Βασίλειος,Κικίλιας,Κικίλιας Βασίλειος,ΝΔ,Vkikilias
Πλεύρης Κωνσταντίνου Αθανάσιος,Πλεύρης,Πλεύρης Αθανάσιος,ΝΔ,thanosplevris
Ράπτη Γεωργίου Ζωή,Ράπτη,Ράπτη Ζωή,ΝΔ,raptizoi
Ρουσόπουλος Βασιλείου Θεόδωρος,Ρουσόπουλος,Ρουσόπουλος Θεόδωρος,ΝΔ,RoussopoulosTh
Κουμουτσάκος Σπυρίδωνος Γεώργιος,Κουμουτσάκος,Κουμουτσάκος Γεώργιος,ΝΔ,GKoumoutsakos
Κεραμέως Κωνσταντίνου Νίκη,Κεραμέως,Κεραμέως Νίκη,ΝΔ,nkerameus
Καιρίδης Κωνσταντίνου Δημήτριος,Καιρίδης,Καιρίδης Δημήτριος,ΝΔ,DimKairidis
Γεωργιάδης Αθανασίου Σπυρίδων - Άδωνις,Γεωργιάδης,Γεωργιάδης Άδωνις,ΝΔ,AdonisGeorgiadi
Χατζηδάκης Ιωάννη Κωνσταντίνος (Κωστής),Χατζηδάκης,Χατζηδάκης Κωστής,ΝΔ,K_Hatzidakis
Βαρβιτσιώτης Ιωάννη Μιλτιάδης,Βαρβιτσιώτης,Βαρβιτσιώτης Μιλτιάδης,ΝΔ,MVarvitsiotis
Λοβέρδος Πέτρου Ιωάννης - Μιχαήλ (Γιάννης),Λοβέρδος,Λοβέρδος Γιάννης,ΝΔ,YiannisLoverdos
Μητσοτάκης Κωνσταντίνου Κυριάκος,Μητσοτάκης,Μητσοτάκης Κυριάκος,ΝΔ,kmitsotakis
Κυρανάκης Ιωάννη - Παναγιώτη Κωνσταντίνος,Κυρανάκης,Κυρανάκης Κωνσταντίνος,ΝΔ,kyranakis
Παπαδημητρίου Αθανασίου Χαράλαμπος (Μπάμπης),Παπαδημητρίου,Παπαδημητρίου Μπάμπης,ΝΔ,babis2019
Σπανάκης Νικολάου Βασίλειος - Πέτρος,Σπανάκης,Σπανάκης Πέτρος,ΝΔ,vspanakis
Δένδιας Σπυρίδωνος Νικόλαος - Γεώργιος,Δένδιας,Δένδιας Γεώργιος,ΝΔ,NikosDendias
Βούλτεψη Ιωάννη Σοφία,Βούλτεψη,Βούλτεψη Σοφία,ΝΔ,sofia_voultepsi
Καλλιάνος Δημητρίου Ιωάννης,Καλλιάνος,Καλλιάνος Ιωάννης,ΝΔ,kallianos
Καραμανλή Αρκαδίου Άννα,Καραμανλή,Καραμανλή Άννα,ΝΔ,annakaramanli
Θεοχάρης Αθανασίου Θεοχάρης (Χάρης),Θεοχάρης,Θεοχάρης Χάρης,ΝΔ,htheoharis
Χατζηδάκης Διονυσίου Διονύσιος,Χατζηδάκης,Χατζηδάκης Διονύσιος,ΝΔ,
Δούνια Δημητρίου Παναγιώτα (Νόνη),Δούνια,Δούνια Νόνη,ΝΔ,NoniDounia
Κατσαφάδος Ιωάννη Κωνσταντίνος,Κατσαφάδος,Κατσαφάδος Κωνσταντίνος,ΝΔ,katsafados
Μπουτσικάκης Ιωάννη Χριστόφορος - Εμμανουήλ,Μπουτσικάκης,Μπουτσικάκης Εμμανουήλ,ΝΔ,BoutsikakisChr
Μελάς Παναγιώτη Ιωάννης,Μελάς,Μελάς Ιωάννης,ΝΔ,yiannismelas
Μανωλάκος Πέτρου Νικόλαος,Μανωλάκος,Μανωλάκος Νικόλαος,ΝΔ,manolakosnik
Μαρκόπουλος Κωνσταντίνου Δημήτριος,Μαρκόπουλος,Μαρκόπουλος Δημήτριος,ΝΔ,markopoulosdimi
Τραγάκης Παναγιώτη Ιωάννης,Τραγάκης,Τραγάκης Ιωάννης,ΝΔ,
Μαρτίνου Αθανασίου Γεωργία,Μαρτίνου,Μαρτίνου Γεωργία,ΝΔ,GeorgiaMartinou
Οικονόμου Αθανασίου Βασίλειος,Οικονόμου,Οικονόμου Βασίλειος,ΝΔ,OikonomouVasili
Βλάχος Θεοδώρου Γεώργιος,Βλάχος,Βλάχος Γεώργιος,ΝΔ,Vlachos_G
Βορίδης Χρήστου Μαυρουδής (Μάκης),Βορίδης,Βορίδης Μάκης,ΝΔ,MakisVoridis
Μπούρας Κωνσταντίνου Αθανάσιος,Μπούρας,Μπούρας Αθανάσιος,ΝΔ,athbouras
Κώτσηρας Αναστασίου Γεώργιος,Κώτσηρας,Κώτσηρας Γεώργιος,ΝΔ,giorgoskotsiras
Λιάκος Γεωργίου Ευάγγελος,Λιάκος,Λιάκος Ευάγγελος,ΝΔ,liakosev
Λιβανός Διονυσίου Σπυρίδωνας-Παναγιώτης (Σπήλιος),Λιβανός,Λιβανός Σπήλιος,ΝΔ,SpiliosL
Σαλμάς Γεωργίου Μάριος,Σαλμάς,Σαλμάς Μάριος,ΝΔ,salmasmarios
Καραγκούνης Ανδρέα Κωνσταντίνος,Καραγκούνης,Καραγκούνης Κωνσταντίνος,ΝΔ,k_karagounis
Ανδριανός Σωτηρίου Ιωάννης,Ανδριανός,Ανδριανός Ιωάννης,ΝΔ,
Βλάσης Γεωργίου Κωνσταντίνος,Βλάσης,Βλάσης Κωνσταντίνος,ΝΔ,KostasVlasis
Στύλιος Δημοσθένη Γεώργιος,Στύλιος,Στύλιος Γεώργιος,ΝΔ,gstylios
Αλεξοπούλου Μιχαήλ Χριστίνα,Αλεξοπούλου,Αλεξοπούλου Χριστίνα,ΝΔ,xrisalex
Κατσανιώτης Ιωάννη Ανδρέας,Κατσανιώτης,Κατσανιώτης Ανδρέας,ΝΔ,katsaniotis
Τσιγκρής Αντωνίου Άγγελος,Τσιγκρής,Τσιγκρής Άγγελος,ΝΔ,tsigris_angelos
Φωτήλας Ασημάκη Ιάσων,Φωτήλας,Φωτήλας Ιάσων,ΝΔ,IasonFotilas
Κουτσούμπας Βασιλείου Ανδρέας,Κουτσούμπας,Κουτσούμπας Ανδρέας,ΝΔ,kutsubad
Πάτσης Κωνσταντίνου Ανδρέας,Πάτσης,Πάτσης Ανδρέας,ΝΔ,patsis_andreas
Μπλούχος Δημητρίου Κωνσταντίνος,Μπλούχος,Μπλούχος Κωνσταντίνος,ΝΔ,blouchosdrama
Παππάς Κωνσταντίνου Ιωάννης,Παππάς,Παππάς Ιωάννης,ΝΔ,pappas_ioannis
Κόνσολας Νικία Εμμανουήλ (Μάνος),Κόνσολας,Κόνσολας Μάνος,ΝΔ,manoskonsolas
Ιατρίδη Ιωάννη Τσαμπίκα (Μίκα),Ιατρίδη,Ιατρίδη Μίκα,ΝΔ,
Υψηλάντης Αναστασίου Βασίλειος - Νικόλαος,Υψηλάντης,Υψηλάντης Νικόλαος,ΝΔ,vnaypsilantis
Δημοσχάκης Σπύρου Αναστάσιος (Τάσος),Δημοσχάκης,Δημοσχάκης Τάσος,ΝΔ,ADimoschakis
Κελέτσης Δημητρίου Σταύρος,Κελέτσης,Κελέτσης Σταύρος,ΝΔ,keletsis
Δερμεντζόπουλος Αλεξάνδρου Χρήστος,Δερμεντζόπουλος,Δερμεντζόπουλος Χρήστος,ΝΔ,ChrisDermen
Κεδίκογλου Βασιλείου Συμεών (Σίμος),Κεδίκογλου,Κεδίκογλου Σίμος,ΝΔ,SimosKedikoglou
Ζεμπίλης Γεωργίου Αθανάσιος,Ζεμπίλης,Ζεμπίλης Αθανάσιος,ΝΔ,than_zebilis
Πνευματικός Γεωργίου Σπυρίδωνας,Πνευματικός,Πνευματικός Σπυρίδωνας,ΝΔ,
Κοντογεώργος Αθανασίου Κωνσταντίνος,Κοντογεώργος,Κοντογεώργος Κωνσταντίνος,ΝΔ,
Ακτύπης Δημητρίου Διονύσιος,Ακτύπης,Ακτύπης Διονύσιος,ΝΔ,
Νικολακόπουλος Θεοδώρου Ανδρέας,Νικολακόπουλος,Νικολακόπουλος Ανδρέας,ΝΔ,anikolakopoulos
Τζαβάρας Γεωργίου Κωνσταντίνος,Τζαβάρας,Τζαβάρας Κωνσταντίνος,ΝΔ,Tzavaraskon
Αυγερινοπούλου Ζήσιμου Διονυσία - Θεοδώρα,Αυγερινοπούλου,Αυγερινοπούλου Θεοδώρα,ΝΔ,avgerinopoulou
Βεσυρόπουλος Φωτίου Απόστολος,Βεσυρόπουλος,Βεσυρόπουλος Απόστολος,ΝΔ,a_vesiropoulos
Μπαρτζώκας Στεργίου Αναστάσιος,Μπαρτζώκας,Μπαρτζώκας Αναστάσιος,ΝΔ,t_bartzokas
Τσαβδαρίδης Γεωργίου Λάζαρος,Τσαβδαρίδης,Τσαβδαρίδης Λάζαρος,ΝΔ,lazarostsavdar1
Σενετάκης Γεωργίου Μάξιμος,Σενετάκης,Σενετάκης Μάξιμος,ΝΔ,maxsenetakis
Αυγενάκης Κωνσταντίνου Ελευθέριος,Αυγενάκης,Αυγενάκης Ελευθέριος,ΝΔ,l_avgenakis
Γιόγιακας Νικολάου Βασίλειος,Γιόγιακας,Γιόγιακας Βασίλειος,ΝΔ,giogiakasv
Γκιουλέκας Πέτρου Κωνσταντίνος,Γκιουλέκας,Γκιουλέκας Κωνσταντίνος,ΝΔ,gioulekaskostas
Καραμανλής Αλεξάνδρου Κωνσταντίνος,Καραμανλής,Καραμανλής Κωνσταντίνος,ΝΔ,
Καλαφάτης Αθανασίου Σταύρος,Καλαφάτης,Καλαφάτης Σταύρος,ΝΔ,KalafatisSt
Ευθυμίου Ταξιάρχη Άννα,Ευθυμίου,Ευθυμίου Άννα,ΝΔ,AnnaEfthymiou_
Σιμόπουλος Γεωργίου Ευστράτιος (Στράτος),Σιμόπουλος,Σιμόπουλος Στράτος,ΝΔ,efsimopoulos
Ράπτη Δημητρίου Ελένη,Ράπτη,Ράπτη Ελένη,ΝΔ,Elena_Rapti
Κούβελας Σωτηρίου Δημήτριος,Κούβελας,Κούβελας Δημήτριος,ΝΔ,dkouvelas
Καράογλου Γεωργίου Θεόδωρος,Καράογλου,Καράογλου Θεόδωρος,ΝΔ,TheoKaraoglou
Βαρτζόπουλος Χρυσοστόμου Δημήτριος,Βαρτζόπουλος,Βαρτζόπουλος Δημήτριος,ΝΔ,DimVartzopoulos
Αναστασιάδης Ιωάννη Σάββας,Αναστασιάδης,Αναστασιάδης Σάββας,ΝΔ,savanastasiadis
Κεφαλά Στεφάνου Μαρία - Αλεξάνδρα,Κεφαλά,Κεφαλά Αλεξάνδρα,ΝΔ,
Καλογιάννης Ελευθερίου Σταύρος,Καλογιάννης,Καλογιάννης Σταύρος,ΝΔ,
Τασούλας Αναστασίου Κωνσταντίνος,Τασούλας,Τασούλας Κωνσταντίνος,ΝΔ,
Αμυράς Στυλιανού Γεώργιος,Αμυράς,Αμυράς Γεώργιος,ΝΔ,amirasgiorgos
Παναγιωτόπουλος Ιωάννη Νικόλαος,Παναγιωτόπουλος,Παναγιωτόπουλος Νικόλαος,ΝΔ,npanagioto
Πασχαλίδης Αδάμ Ιωάννης,Πασχαλίδης,Πασχαλίδης Ιωάννης,ΝΔ,pasxalidisjohn
Λαζαρίδης Βασιλείου Μακάριος,Λαζαρίδης,Λαζαρίδης Μακάριος,ΝΔ,mvlazaridis
Κωτσός Κωνσταντίνου Γεώργιος,Κωτσός,Κωτσός Γεώργιος,ΝΔ,KotsosGiorgos
Σκόνδρα Κωνσταντίνου Ασημίνα,Σκόνδρα,Σκόνδρα Ασημίνα,ΝΔ,AsiminaSkondra
Τσιάρας Αλεξάνδρου Κωνσταντίνος,Τσιάρας,Τσιάρας Κωνσταντίνος,ΝΔ,tsiaras_kostas
Τζηκαλάγιας Γεωργίου Ζήσης,Τζηκαλάγιας,Τζηκαλάγιας Ζήσης,ΝΔ,
Γκίκας Σωτηρίου Στέφανος,Γκίκας,Γκίκας Στέφανος,ΝΔ,STEFANOS_GIKAS
Καππάτος Σπυρίδωνος-Διονυσίου Παναγής,Καππάτος,Καππάτος Παναγής,ΝΔ,pkappatos
Γεωργαντάς Παύλου Γεώργιος,Γεωργαντάς,Γεωργαντάς Γεώργιος,ΝΔ,georgantasgr
Βρυζίδου Παναγιώτη Παρασκευή,Βρυζίδου,Βρυζίδου Παρασκευή,ΝΔ,Vrizidou_Vicky
Αμανατίδης Ισαάκ Γεώργιος,Αμανατίδης,Αμανατίδης Γεώργιος,ΝΔ,amanatidis_g
Παπαδόπουλος Γεωργίου Μιχάλης,Παπαδόπουλος,Παπαδόπουλος Μιχάλης,ΝΔ,papadopoulosmix
Κωνσταντινίδης Κωνσταντίνου Ευστάθιος,Κωνσταντινίδης,Κωνσταντινίδης Ευστάθιος,ΝΔ,Stathis_Konst
Σούκουλη - Βιλιάλη Δημητρίου Μαρία Ελένη (Μαριλένα),Σούκουλη,Σούκουλη Μαριλένα,ΝΔ,msoukouli
Ταγαράς Χρήστου Νικόλαος,Ταγαράς,Ταγαράς Νικόλαος,ΝΔ,TagarasNikos
Δήμας Σταύρου Χρίστος,Δήμας,Δήμας Χρίστος,ΝΔ,ChristosDimas_
Βρούτσης Βασιλείου Ιωάννης,Βρούτσης,Βρούτσης Ιωάννης,ΝΔ,vroutsisgiannis
Μονογυιού Αικατερίνη,Μονογυιού,Μονογυιού Αικατερίνη,ΝΔ,MonogiouKateri1
Φόρτωμας Αριστοτέλη Φίλιππος,Φόρτωμας,Φόρτωμας Φίλιππος,ΝΔ,
Κρητικός Δημοσθένη Νεοκλής,Κρητικός,Κρητικός Νεοκλής,ΝΔ,neokliskritikos
Δαβάκης Παναγιώτη Αθανάσιος,Δαβάκης,Δαβάκης Αθανάσιος,ΝΔ,adavakis
Κέλλας Αχιλλέα Χρήστος,Κέλλας,Κέλλας Χρήστος,ΝΔ,kellas_xristos
Μπίζιου Νικολάου Στεργιανή (Στέλλα),Μπίζιου,Μπίζιου Στέλλα,ΝΔ,BiziouStella
Χαρακόπουλος Παντελή Μάξιμος,Χαρακόπουλος,Χαρακόπουλος Μάξιμος,ΝΔ,pantamaximos
Πλακιωτάκης Ιωσήφ Ιωάννης,Πλακιωτάκης,Πλακιωτάκης Ιωάννης,ΝΔ,g_plakiotakis
Αθανασίου Χριστόφα Χαράλαμπος,Αθανασίου,Αθανασίου Χαράλαμπος,ΝΔ,XarAthan
Καββαδάς Ιωάννη Αθανάσιος,Καββαδάς,Καββαδάς Αθανάσιος,ΝΔ,
Μπουκώρος Γεωργίου Χρήστος,Μπουκώρος,Μπουκώρος Χρήστος,ΝΔ,chboukoros1
Μαραβέγιας Αριστοτέλη Κωνσταντίνος,Μαραβέγιας,Μαραβέγιας Κωνσταντίνος,ΝΔ,maravegiaskost
Μακρή Μιχαήλ Ζωή (Ζέττα),Μακρή,Μακρή Ζέττα,ΝΔ,zettamakri
Λιούπης Κωνσταντίνου Αθανάσιος,Λιούπης,Λιούπης Αθανάσιος,ΝΔ,
Μαντάς Παντελή Περικλής,Μαντάς,Μαντάς Περικλής,ΝΔ,periklismantas
Λαμπρόπουλος Δημητρίου Ιωάννης,Λαμπρόπουλος,Λαμπρόπουλος Ιωάννης,ΝΔ,
Σαμαράς Κωνσταντίνου Αντώνιος,Σαμαράς,Σαμαράς Αντώνιος,ΝΔ,samaras_antonis
Χρυσομάλλης Παναγιώτη Μιλτιάδης (Μίλτος),Χρυσομάλλης,Χρυσομάλλης Μίλτος,ΝΔ,chrysomallism
Τσιλιγγίρης Γεωργίου Σπυρίδων (Σπύρος),Τσιλιγγίρης,Τσιλιγγίρης Σπύρος,ΝΔ,
Σταμενίτης Ευαγγέλου Διονύσιος,Σταμενίτης,Σταμενίτης Διονύσιος,ΝΔ,dionstamenitis
Καρασμάνης Αθανασίου Γεώργιος,Καρασμάνης,Καρασμάνης Γεώργιος,ΝΔ,
Βασιλειάδης Νικολάου Βασίλειος (Λάκης),Βασιλειάδης,Βασιλειάδης Λάκης,ΝΔ,lakis_vas
Μάνη-Παπαδημητρίου Ευαγγέλου ΄Αννα,Μάνη-Παπαδημητρίου,Μάνη-Παπαδημητρίου ΄Αννα,ΝΔ,
Μπαραλιάκος Ελευθερίου Ξενοφών (Φώντας),Μπαραλιάκος,Μπαραλιάκος Φώντας,ΝΔ,fbaraliakos
Χιονίδης Γεωργίου Σάββας,Χιονίδης,Χιονίδης Σάββας,ΝΔ,HionidisSavvas
Γιαννάκης Κωνσταντίνου Στέργιος,Γιαννάκης,Γιαννάκης Στέργιος,ΝΔ,stergiannakis
Κεφαλογιάννης Αχιλλέα Ιωάννης,Κεφαλογιάννης,Κεφαλογιάννης Ιωάννης,ΝΔ,gkefalogiannis
Στυλιανίδης Στυλιανού Ευριπίδης,Στυλιανίδης,Στυλιανίδης Ευριπίδης,ΝΔ,e_stylianidis
Στεφανάδης Ισιδώρου Χριστόδουλος,Στεφανάδης,Στεφανάδης Χριστόδουλος,ΝΔ,ChStefanadis
Λεονταρίδης Χρήστου Θεόφιλος,Λεονταρίδης,Λεονταρίδης Θεόφιλος,ΝΔ,The_Leontaridis
Καραμανλής Αχιλλέα Κωνσταντίνος,Καραμανλής,Καραμανλής Κωνσταντίνος,ΝΔ,karamanlis_k
Αραμπατζή Αθανασίου Φωτεινή,Αραμπατζή,Αραμπατζή Φωτεινή,ΝΔ,ArampatziFotini
Χατζηβασιλείου Γεωργίου Αναστάσιος (Τάσος),Χατζηβασιλείου,Χατζηβασιλείου Τάσος,ΝΔ,tasos_chatziv
Λιούτας Αχιλλέως Αθανάσιος,Λιούτας,Λιούτας Αθανάσιος,ΝΔ,
Σκρέκας Θεοδώρου Κωνσταντίνος,Σκρέκας,Σκρέκας Κωνσταντίνος,ΝΔ,KostasSkrekas
Παπακώστα - Παλιούρα Δημητρίου Αικατερίνη (Κατερίνα),Παπακώστα,Παπακώστα Κατερίνα,ΝΔ,papakostakater
Οικονόμου Δημητρίου Ιωάννης,Οικονόμου,Οικονόμου Ιωάννης,ΝΔ,joikonomou
Σταϊκούρας Κωνσταντίνου Χρήστος,Σταϊκούρας,Σταϊκούρας Χρήστος,ΝΔ,cstaikouras
Κοτρωνιάς Νικολάου Γεώργιος,Κοτρωνιάς,Κοτρωνιάς Γεώργιος,ΝΔ,
Χειμάρας Αθανασίου Θεμιστοκλής (Θέμης),Χειμάρας,Χειμάρας Θέμης,ΝΔ,T_Cheimaras
Αντωνιάδης Δημητρίου Ιωάννης,Αντωνιάδης,Αντωνιάδης Ιωάννης,ΝΔ,GIANNISFLORINA
Μπούγας Δημητρίου Ιωάννης,Μπούγας,Μπούγας Ιωάννης,ΝΔ,ioannis_mpougas
Βαγιωνάς Κωνσταντίνου Γεώργιος,Βαγιωνάς,Βαγιωνάς Γεώργιος,ΝΔ,GVagionas
Διγαλάκης Βασιλείου Βασίλειος,Διγαλάκης,Διγαλάκης Βασίλειος,ΝΔ,vdigalakis
Μπακογιάννη Κωνσταντίνου Θεοδώρα (Ντόρα),Μπακογιάννη,Μπακογιάννη Ντόρα,ΝΔ,Dora_Bakoyannis
Βολουδάκης Γεωργίου Μανούσος - Κωνσταντίνος,Βολουδάκης,Βολουδάκης Κωνσταντίνος,ΝΔ,MVoloudakis
Μηταράκης Αντωνίου Παναγιώτης (Νότης),Μηταράκης,Μηταράκης Νότης,ΝΔ,nmitarakis
Αχτσιόγλου Θεμιστοκλή Ευτυχία,Αχτσιόγλου,Αχτσιόγλου Ευτυχία,ΣΥΡΙΖΑ,E_Achtsioglou
Βασιλικός Νικολάου Βασίλειος (Βασίλης),Βασιλικός,Βασιλικός Βασίλης,ΣΥΡΙΖΑ,
Σκουρλέτης Βασιλείου Παναγιώτης (Πάνος),Σκουρλέτης,Σκουρλέτης Πάνος,ΣΥΡΙΖΑ,pskourl
Φλαμπουράρης Γερασίμου Αλέξανδρος,Φλαμπουράρης,Φλαμπουράρης Αλέξανδρος,ΣΥΡΙΖΑ,
Φίλης Αριστοτέλη Νικόλαος,Φίλης,Φίλης Νικόλαος,ΣΥΡΙΖΑ,nikosfilis1
Τζανακόπουλος Μόσχου Δημήτριος,Τζανακόπουλος,Τζανακόπουλος Δημήτριος,ΣΥΡΙΖΑ,d_tzanakopoulos
Βερναρδάκης Δημοσθένη Χριστόφορος,Βερναρδάκης,Βερναρδάκης Χριστόφορος,ΣΥΡΙΖΑ,ChVernardakis
Βούτσης Γεωργίου Νικόλαος,Βούτσης,Βούτσης Νικόλαος,ΣΥΡΙΖΑ,
Ζαχαριάδης Εμμανουήλ Κωνσταντίνος,Ζαχαριάδης,Ζαχαριάδης Κωνσταντίνος,ΣΥΡΙΖΑ,CZachariadis
Κατρούγκαλος Στέλιου - Παναγιώτη Γεώργιος,Κατρούγκαλος,Κατρούγκαλος Γεώργιος,ΣΥΡΙΖΑ,gkatr
Ξενογιαννακοπούλου Διονυσίου Μαρία - Ελίζα (Μαριλίζα),Ξενογιαννακοπούλου,Ξενογιαννακοπούλου Μαριλίζα,ΣΥΡΙΖΑ,marilizaxen
Τσακαλώτος Στεφάνου Ευκλείδης,Τσακαλώτος,Τσακαλώτος Ευκλείδης,ΣΥΡΙΖΑ,tsakalotos
Καφαντάρη Φωτίου Χαρούλα (Χαρά),Καφαντάρη,Καφαντάρη Χαρά,ΣΥΡΙΖΑ,
Παπαχριστόπουλος Θεμιστοκλή Αθανάσιος (Θανάσης),Παπαχριστόπουλος,Παπαχριστόπουλος Θανάσης,ΣΥΡΙΖΑ,PapachristTh
Δραγασάκης Ανδρέα Ιωάννης,Δραγασάκης,Δραγασάκης Ιωάννης,ΣΥΡΙΖΑ,YDragasakis
Βίτσας Αθανασίου Δημήτριος,Βίτσας,Βίτσας Δημήτριος,ΣΥΡΙΖΑ,dimitrisvitsas
Παππάς Στυλιανού Νικόλαος,Παππάς,Παππάς Νικόλαος,ΣΥΡΙΖΑ,nikospappas16
Μουζάλας Ευστράτιου Ιωάννης,Μουζάλας,Μουζάλας Ιωάννης,ΣΥΡΙΖΑ,imouzalas
Μπαλάφας Περικλή Ιωάννης,Μπαλάφας,Μπαλάφας Ιωάννης,ΣΥΡΙΖΑ,ybalafas
Φωτίου Βασιλείου Θεανώ,Φωτίου,Φωτίου Θεανώ,ΣΥΡΙΖΑ,TheanoFotiou
Χρηστίδου Δημητρίου Ραλλία,Χρηστίδου,Χρηστίδου Ραλλία,ΣΥΡΙΖΑ,Ral_Christidou
Δρίτσας Παναγιώτη Θεόδωρος,Δρίτσας,Δρίτσας Θεόδωρος,ΣΥΡΙΖΑ,
Κασιμάτη Γεωργίου Ειρήνη (Νίνα),Κασιμάτη,Κασιμάτη Νίνα,ΣΥΡΙΖΑ,ninakasimati
Αλεξιάδης Ζαφειρίου Τρύφων,Αλεξιάδης,Αλεξιάδης Τρύφων,ΣΥΡΙΖΑ,
Ραγκούσης Νικολάου Ιωάννης,Ραγκούσης,Ραγκούσης Ιωάννης,ΣΥΡΙΖΑ,gragkousis
Σκουρολιάκος Λουκά Παναγιώτης (Πάνος),Σκουρολιάκος,Σκουρολιάκος Πάνος,ΣΥΡΙΖΑ,PanosSkourolia1
Σπίρτζης Παναγιώτη Χρήστος,Σπίρτζης,Σπίρτζης Χρήστος,ΣΥΡΙΖΑ,c_spirtzis
Αθανασίου Ευθυμίου Αθανάσιος (Νάσος),Αθανασίου,Αθανασίου Νάσος,ΣΥΡΙΖΑ,nasosa8anasiou
Τσίπρας Ηρακλή Γεώργιος,Τσίπρας,Τσίπρας Γεώργιος,ΣΥΡΙΖΑ,giorgostsipras
Βαρεμένος Βασιλείου Γεώργιος,Βαρεμένος,Βαρεμένος Γεώργιος,ΣΥΡΙΖΑ,GVaremenos
Μωραΐτης Χρήστου Αθανάσιος (Θάνος),Μωραΐτης,Μωραΐτης Θάνος,ΣΥΡΙΖΑ,thanos_moraitis
Γκιόλας Δημητρίου Ιωάννης,Γκιόλας,Γκιόλας Ιωάννης,ΣΥΡΙΖΑ,
Παπαηλιού Ηλία Γεώργιος,Παπαηλιού,Παπαηλιού Γεώργιος,ΣΥΡΙΖΑ,
Γεροβασίλη Βασιλείου Όλγα,Γεροβασίλη,Γεροβασίλη Όλγα,ΣΥΡΙΖΑ,olgagerovasili
Αναγνωστοπούλου Πέτρου Αθανασία (Σία),Αναγνωστοπούλου,Αναγνωστοπούλου Σία,ΣΥΡΙΖΑ,sia_anag
Μάρκου Βασιλείου Κωνσταντίνος,Μάρκου,Μάρκου Κωνσταντίνος,ΣΥΡΙΖΑ,
Τσίπρας Παύλου Αλέξιος,Τσίπρας,Τσίπρας Αλέξιος,ΣΥΡΙΖΑ,atsipras
Πούλου Λεωνίδα Παναγιού (Γιώτα),Πούλου,Πούλου Γιώτα,ΣΥΡΙΖΑ,GIOTAPOULOU
Ξανθόπουλος Σάββα Θεόφιλος,Ξανθόπουλος,Ξανθόπουλος Θεόφιλος,ΣΥΡΙΖΑ,Xanthopoulosth
Σαντορινιός Κωνσταντίνου Νεκτάριος,Σαντορινιός,Σαντορινιός Νεκτάριος,ΣΥΡΙΖΑ,nectarsant
Γκαρά Γεωργίου Αναστασία (Νατάσα),Γκαρά,Γκαρά Νατάσα,ΣΥΡΙΖΑ,NatasaGkara
Αποστόλου Δημητρίου Ευάγγελος,Αποστόλου,Αποστόλου Ευάγγελος,ΣΥΡΙΖΑ,vag_apos
Χατζηγιαννάκης Ευαγγέλου Μιλτιάδης,Χατζηγιαννάκης,Χατζηγιαννάκης Μιλτιάδης,ΣΥΡΙΖΑ,
Καλαματιανός Χρήστου Διονύσιος-Χαράλαμπος,Καλαματιανός,Καλαματιανός Διονύσιος-Χαράλαμπος,ΣΥΡΙΖΑ,dckalamatianos
Καρασαρλίδου Γεωργίου Ευφροσύνη (Φρόσω),Καρασαρλίδου,Καρασαρλίδου Φρόσω,ΣΥΡΙΖΑ,FKarasarlidou
Ηγουμενίδης Εμμανουήλ Νικόλαος,Ηγουμενίδης,Ηγουμενίδης Νικόλαος,ΣΥΡΙΖΑ,IgoumenidisN
Βαρδάκης Δημητρίου Σωκράτης,Βαρδάκης,Βαρδάκης Σωκράτης,ΣΥΡΙΖΑ,sokrvardakis
Μαμουλάκης Αντωνίου Χαράλαμπος (Χάρης),Μαμουλάκης,Μαμουλάκης Χάρης,ΣΥΡΙΖΑ,Mamoulakis
Κάτσης Σπυρίδωνος Μάριος,Κάτσης,Κάτσης Μάριος,ΣΥΡΙΖΑ,marios_katsis
Ζουράρης Γεωργίου Κωνσταντίνος,Ζουράρης,Ζουράρης Κωνσταντίνος,ΣΥΡΙΖΑ,
Γιαννούλης Ιωάννη Χρήστος,Γιαννούλης,Γιαννούλης Χρήστος,ΣΥΡΙΖΑ,giannoul
Αμανατίδης Γεωργίου Ιωάννης,Αμανατίδης,Αμανατίδης Ιωάννης,ΣΥΡΙΖΑ,amanatidis_gian
Νοτοπούλου Παναγιώτη Αικατερίνη (Κατερίνα),Νοτοπούλου,Νοτοπούλου Κατερίνα,ΣΥΡΙΖΑ,katenotopoulou
Τριανταφυλλίδης Γεωργίου Αλέξανδρος (Αλέκος),Τριανταφυλλίδης,Τριανταφυλλίδης Αλέκος,ΣΥΡΙΖΑ,tr_alexandros
Φάμελλος Πέτρου Σωκράτης,Φάμελλος,Φάμελλος Σωκράτης,ΣΥΡΙΖΑ,sfamellos
Αυγέρη Πέτρου Θεοδώρα (Δώρα),Αυγέρη,Αυγέρη Δώρα,ΣΥΡΙΖΑ,davgeri
Τζούφη Στεφάνου Μερόπη,Τζούφη,Τζούφη Μερόπη,ΣΥΡΙΖΑ,meropitzoufi
Ελευθεριάδου Παύλου Σουλτάνα,Ελευθεριάδου,Ελευθεριάδου Σουλτάνα,ΣΥΡΙΖΑ,teleftheriadou
Λάππας Ευαγγέλου Σπυρίδωνας,Λάππας,Λάππας Σπυρίδωνας,ΣΥΡΙΖΑ,spyroslappas1
Τελιγιορίδου Ιωάννη Ολυμπία,Τελιγιορίδου,Τελιγιορίδου Ολυμπία,ΣΥΡΙΖΑ,teligioridou
Αυλωνίτης Νικολάου Αλέξανδρος - Χρήστος,Αυλωνίτης,Αυλωνίτης Χρήστος,ΣΥΡΙΖΑ,a_avlonitis
Αγαθοπούλου Δημητρίου Ειρήνη-Ελένη,Αγαθοπούλου,Αγαθοπούλου Ειρήνη-Ελένη,ΣΥΡΙΖΑ,iriniagath
Βέτα Δημητρίου Καλλιόπη,Βέτα,Βέτα Καλλιόπη,ΣΥΡΙΖΑ,
Ψυχογιός Κωνσταντίνου Γεώργιος,Ψυχογιός,Ψυχογιός Γεώργιος,ΣΥΡΙΖΑ,g_psychogios
Συρμαλένιος Ευαγγέλου Νικόλαος,Συρμαλένιος,Συρμαλένιος Νικόλαος,ΣΥΡΙΖΑ,syrmal2000
Αραχωβίτης Γεωργίου Σταύρος,Αραχωβίτης,Αραχωβίτης Σταύρος,ΣΥΡΙΖΑ,
Βαγενά Κηλαηδόνη χήρα Λουκιανού Άννα,Βαγενά,Βαγενά Άννα,ΣΥΡΙΖΑ,annavayena
Κόκκαλης Κωνσταντίνου Βασίλειος,Κόκκαλης,Κόκκαλης Βασίλειος,ΣΥΡΙΖΑ,vasiliskokkalhs
Θραψανιώτης Μιχαήλ Εμμανουήλ,Θραψανιώτης,Θραψανιώτης Εμμανουήλ,ΣΥΡΙΖΑ,
Μπουρνούς Δημητρίου Ιωάννης,Μπουρνούς,Μπουρνούς Ιωάννης,ΣΥΡΙΖΑ,alterglobal
Μεϊκόπουλος Μιχαήλ Αλέξανδρος,Μεϊκόπουλος,Μεϊκόπουλος Αλέξανδρος,ΣΥΡΙΖΑ,A_Meikopoulos
Παπανάτσιου Στέργιου Αικατερίνη,Παπανάτσιου,Παπανάτσιου Αικατερίνη,ΣΥΡΙΖΑ,
Χαρίτσης Βύρωνα Αλέξανδρος (Αλέξης),Χαρίτσης,Χαρίτσης Αλέξης,ΣΥΡΙΖΑ,alexischaritsis
Ζεϊμπέκ Χασάν Χουσεϊν,Ζεϊμπέκ,Ζεϊμπέκ Χουσεϊν,ΣΥΡΙΖΑ,ZeybekHuseyin
Τζάκρη Εμμανουήλ Θεοδώρα,Τζάκρη,Τζάκρη Θεοδώρα,ΣΥΡΙΖΑ,tzakri
Σκούφα Δημητρίου Ελισσάβετ (Μπέττυ),Σκούφα,Σκούφα Μπέττυ,ΣΥΡΙΖΑ,BSkoufa
Μπάρκας Θεοφάνη Κωνσταντίνος,Μπάρκας,Μπάρκας Κωνσταντίνος,ΣΥΡΙΖΑ,kostasbarkas
Ξανθός Γεωργίου Ανδρέας,Ξανθός,Ξανθός Ανδρέας,ΣΥΡΙΖΑ,andreasxanthos
Χαρίτου Αθανασίου Δημήτριος (Τάκης),Χαρίτου,Χαρίτου Τάκης,ΣΥΡΙΖΑ,
Αβραμάκης Αντωνίου Ελευθέριος,Αβραμάκης,Αβραμάκης Ελευθέριος,ΣΥΡΙΖΑ,
Παπαδόπουλος Αποστόλου Αθανάσιος (Σάκης),Παπαδόπουλος,Παπαδόπουλος Σάκης,ΣΥΡΙΖΑ,sakis_papad
Σαρακιώτης Αθανασίου Ιωάννης,Σαρακιώτης,Σαρακιώτης Ιωάννης,ΣΥΡΙΖΑ,jsarakiotis
Πέρκα Χαράλαμπου Θεοπίστη (Πέτη),Πέρκα,Πέρκα Πέτη,ΣΥΡΙΖΑ,PetiPerka
Μάλαμα Ιωάννη Κυριακή,Μάλαμα,Μάλαμα Κυριακή,ΣΥΡΙΖΑ,KiriakiMalama
Πολάκης Πέτρου Παύλος,Πολάκης,Πολάκης Παύλος,ΣΥΡΙΖΑ,pavpol2222
Μιχαηλίδης Φραγκούλη Ανδρέας,Μιχαηλίδης,Μιχαηλίδης Ανδρέας,ΣΥΡΙΖΑ,
