Name;Surname;Twitter Handle
Δραγασάκης Γιάννης;Δραγασάκης;YDragasakis
Φωτίου Θεανώ;Φωτίου;TheanoFotiou
Κοτζιάς Νίκος;Κοτζιάς;NikosKotzias
Χριστοδουλοπούλου Αναστασία;Χριστοδουλοπούλου;tasiachristodul
Γαβρόγλου Κωνσταντίνος;Γαβρόγλου;
Φλαμπουράρης Αλέξανδρος;Φλαμπουράρης;
Βούτσης Νίκος;Βούτσης;
Φίλης Νικόλαος;Φίλης;nikosfilis1
Βερναρδάκης Χριστόφορος;Βερναρδάκης;chrisvernard
Τσακαλώτος Ευκλείδης;Τσακαλώτος;tsakalotos
Κουρουμπλής Παναγιώτης;Κουρουμπλής;kouroumplis
Παππάς Νικόλαος;Παππάς;nikospappas16
Μπαλάφας Ιωάννης;Μπαλάφας;ybalafas
Σκουρλέτης Πάνος;Σκουρλέτης;pskourl
Ξυδάκης Νικόλαος;Ξυδάκης;nikoxy
Τόσκας Νικόλαος;Τόσκας;nikos_toskas
Παπαδόπουλος Χριστόφορος;Παπαδόπουλος;
Δημαράς Γεώργιος;Δημαράς;
Θεωνάς Ιωάννης;Θεωνάς;
Σπίρτζης Χρήστος;Σπίρτζης;c_spirtzis
Καφαντάρη Χαρούλα;Καφαντάρη;
Τσιρώνης Ιωάννης;Τσιρώνης;TsironisGianni
Αυλωνίτου Ελένη;Αυλωνίτου;EleniAvlonitou
Καββαδία Αννέτα;Καββαδία;annetakavadia
Κυρίτσης Γιώργος;Κυρίτσης;giorgoskyritsis
Βαρεμένος Γιώργος;Βαρεμένος;
Τριανταφύλλου Μαρία;Τριανταφύλλου;
Γκιόλας Ιωάννης;Γκιόλας;
Παπαηλιού Γεώργιος;Παπαηλιού;
Γεροβασίλη Όλγα;Γεροβασίλη;olgagerovasili
Τσίρκας Βασίλης;Τσίρκας;VasilisTsirkas
Μπαλτάς Αριστείδης;Μπαλτάς;
Αθανασίου Νάσος;Αθανασίου;nasosa8anasiou
Σκουρολιάκος Πάνος;Σκουρολιάκος;PanosSkourolia1
Πάντζας Γεώργιος;Πάντζας;gpantzas
Δεδές Ιωάννης;Δεδές;DedesIoannis
Αναγνωστοπούλου Σία;Αναγνωστοπούλου;sia_anag
Σπαρτινός Κώστας;Σπαρτινός;spartinosk
Ριζούλης Ανδρέας;Ριζούλης;
Θηβαίος Νικόλαος;Θηβαίος;
Μπγιάλας Χρήστος;Μπγιάλας;cbgialas
Καραγιαννίδης Χρήστος;Καραγιαννίδης;
Σαντορινιός Νεκτάριος;Σαντορινιός;nectarsant
Γάκης Δημήτριος;Γάκης;
Καματερός Ηλίας;Καματερός;
Καΐσσας Γεώργιος;Καΐσσας;kaisasgeorgios
Γκαρά Νατάσα;Γκαρά;
Ρίζος Δημήτριος;Ρίζος;
Αποστόλου Ευάγγελος;Αποστόλου;
Ακριώτης Γιώργος;Ακριώτης;geakriotis
Πρατσόλης Γιώργος;Πρατσόλης;
Λιβανίου Ζωή;Λιβανίου;zoitsa1957
Κοντονής Σταύρος;Κοντονής;
Γεωργοπούλου-Σαλτάρη Έφη;Γεωργοπούλου;efgeorgopoulou
Μπαξεβανάκης Δημήτριος;Μπαξεβανάκης;
Μπαλαούρας Γεράσιμος ;Μπαλαούρας;
Καρασαρλίδου Φρόσω;Καρασαρλίδου;Fkarasarlidou
Ουρσουζίδης Γεώργιος;Ουρσουζίδης;
Αντωνίου Χρήστος;Αντωνίου;
Τσίπρας Αλέξιος;Τσίπρας;atsipras
Μιχελογιαννάκης Ιωάννης;Μιχελογιαννάκης;
Ηγουμενίδης Νικόλαος;Ηγουμενίδης;
Κάτσης Μάριος;Κάτσης;marios_katsis
Παρασκευόπουλος Νικόλαος;Παρασκευόπουλος;
Αμανατίδης Ιωάννης;Αμανατίδης;amanatidis_gian
Κουράκης Αναστάσιος;Κουράκης;tasoskourakis
Μπόλαρης Μάρκος;Μπόλαρης;MarkosBolaris
Μηταφίδης Τριαντάφυλλος;Μηταφίδης;
Τριανταφυλλίδης Αλέξανδρος;Τριανταφυλλίδης;tr_alexandros
Βαρδάκης Σωκράτης;Βαρδάκης;sokrvardakis
Φάμελλος Σωκράτης;Φάμελλος;sfamellos
Μαρδάς Δημήτριος;Μαρδάς;mardas55
Μαντάς Χρήστος;Μαντάς;
Στέφος Γιάννης;Στέφος;
Τζούφη Μερόπη;Τζούφη;meropitzoufi
Καραγιάννης Ιωάννης;Καραγιάννης;karagianioa
Εμμανουηλίδης Δημήτριος;Εμμανουηλίδης;
Παπαφιλίππου Γεώργιος;Παπαφιλίππου;
Λάππας Σπυρίδων;Λάππας;
Κατσαβριά Σιωροπούλου Χρυσούλα;Κατσαβριά;
Βραντζά Παναγιώτα;Βραντζά;
Τελιγιορίδου Ολυμπία;Τελιγιορίδου;
Βάκη Φωτεινή;Βάκη;
Παυλίδης Κωνσταντίνος;Παυλίδης;
Θεοπεφτάτου Αφροδίτη;Θεοπεφτάτου;
Παραστατίδης Θεόδωρος;Παραστατίδης;
Δημητριάδης Δημήτριος;Δημητριάδης;
Μουμουλίδης Θέμης;Μουμουλίδης;
Θεοφύλακτος Γιάννης;Θεοφύλακτος;johntheofilakto
Ντζιμάνης Γεώργιος;Ντζιμάνης;
Θελερίτη Μαρία;Θελερίτη;mtheleriti
Ψυχογιός Γεώργιος;Ψυχογιός;
Τσόγκας Γεώργιος;Τσόγκας;
Συρμαλένιος Νικόλαος;Συρμαλένιος;syrmal2000
Συρίγος Αντώνιος;Συρίγος;
Μανιός Νικόλαος;Μανιός;
Αραχωβίτης Σταύρος;Αραχωβίτης;
Βαγενά Άννα;Βαγενά;annavayena
Θραψανιώτης Νικόλαος;Θραψανιώτης;
Πάλλης Γεώργιος;Πάλλης;
Μεϊκόπουλος Αλέκανδρος;Μεϊκόπουλος;A_Meikopoulos
Παπανάτσιου Αικατερίνη;Παπανάτσιου;
Μπαλλής Συμεών;Μπαλλής;
Κατρούγκαλος Γεώργιος;Κατρούγκαλος;gkatr
Κοζομπόλη Αμανατίδη Παναγιώτα;Κοζομπόλη;
Κωνσταντινέας Πέτρος;Κωνσταντινέας;pkonstantineas7
Ζεϊμπέκ Χασάν Χουσεϊν;Ζεϊμπέκ;
Γιαννακίδης Ευστάθιος;Γιαννακίδης;
Στογιαννίδης Γρηγόριος;Στογιαννίδης;
Δρίτσας Θοδωρής;Δρίτσας;
Σταματάκη Ελένη;Σταματάκη;elen_stamataki
Δουζίνας Κωνσταντίνος;Δουζίνας;
Γεννιά Γεωργία;Γεννιά;Ggennia
Βίτσας Δημήτριος;Βίτσας;dimitrisvitsas
Κασιμάτη Ειρήνη;Κασιμάτη;
Καρακώστα Εύη;Καρακώστα;
Τζάκρη Θεοδώρα;Τζάκρη;tzakri
Σηφάκης Ιωάννης;Σηφάκης;
Σκούφα Ελισσάβετ;Σκούφα;
Τζαμακλής Χαρίλαος;Τζαμακλής;
Καστόρης Αστέριος;Καστόρης;Kastoris_Aster
Μπάρκας Κωνσταντίνος;Μπάρκας;kostasbarkas
Ξανθός Ανδρέας;Ξανθός;andreasxanthos
Μουσταφά Μουσταφά;Μουσταφά;
Καρά Γιουσούφ Αϊχάν;Καρά Γιουσούφ;AyhanKarayusuf
Σεβαστάκης Δημήτριος;Σεβαστάκης;dsevastakis
Σταμπουλή Αφροδίτη;Σταμπουλή;
Παπαδόπουλος Αθανάσιος;Παπαδόπουλος;
Δριτσέλη Παναγιώτα;Δριτσέλη;p_dritseli
Σιμορέλης Χρήστος;Σιμορέλης;XrSimorelis
Καραναστάσης  Απόστολος;Καραναστάσης;akaranastasis
Βέττας Δημήτριος;Βέττας;Vettasdim
Μιχελής Αθανάσιος;Μιχελής;Michelis_Athan
Σαρακιώτης Ιωάννης;Σαρακιώτης;JSarakiotis
Σέλτσας Κωνσταντίνος;Σέλτσας;R3Jg3EsgrBewHc9
Κωστοπαναγιώτου Ηλίας;Κωστοπαναγιώτου;k0stopanagiotou
Ιγγλέζη Αικατερίνη;Ιγγλέζη;igglezikaterina
Σταθάκης Γεώργιος;Σταθάκης;g_stathakis
Πολάκης Παύλος;Πολάκης;pavpol2222
Βαγιωνάκη Βάλια;Βαγιωνάκη;
Μπαλωμενάκης Αντώνης;Μπαλωμενάκης;
Μιχαηλίδης Ανδρέας;Μιχαηλίδης;
Μεγαλοοικονόμου Θεοδώρα;Μεγαλοοικονόμου;
Φορτσάκης Θεόδωρος;Φορτσάκης;fortsakis
Σταμάτης Δημήτριος;Σταμάτης;stamatis_dim
Κεραμέως Νίκη;Κεραμέως;nkerameus
Οικονόμου Βασίλειος;Οικονόμου;OikonomouVasili
Κεφαλογιάννη Όλγα;Κεφαλογιάννη;olgakef
Κικίλιας Βασίλειος;Κικίλιας;Vkikilias
Μπακογιάννη Θεοδώρα;Μπακογιάννη;Dora_Bakoyannis
Κακλαμάνης Νικήτας;Κακλαμάνης;Nkaklamanis
Μεϊμαράκης Ευάγγελος - Βασίλειος;Μεϊμαράκης;v_meimarakis
Δένδιας Νικόλαος - Γεώργιος;Δένδιας;NikosDendias
Μητσοτάκης Κυριάκος;Μητσοτάκης;kmitsotakis
Γεωργιάδης Σπυρίδων - Άδωνις;Γεωργιάδης;AdonisGeorgiadi
Χατζηδάκης Κωνσταντίνος;Χατζηδάκης;K_Hatzidakis
Βαρβιτσιώτης Μιλτιάδης;Βαρβιτσιώτης;MVarvitsiotis
Κουμουτσάκος Γεώργιος;Κουμουτσάκος;GKoumoutsakos
Καραμανλή Άννα;Καραμανλή;AnnaKaramanli
Βούλτεψη Σοφία;Βούλτεψη;Sofia_voultepsi
Ασημακοπούλου Άννα - Μισέλ;Ασημακοπούλου;AnnaAsimakopoul
Γιακουμάτος Γεράσιμος;Γιακουμάτος;Gergiakoumatos
Σαλμάς Μάριος;Σαλμάς;SalmasMarios
Καραγκούνης Κωνσταντίνος;Καραγκούνης;k_karagounis
Ανδριανός Ιωάννης;Ανδριανός;
Βλάσης Κωνσταντίνος;Βλάσης;KostasVlasis
Στύλιος Γεώργιος;Στύλιος;gstylios
Βορίδης Μαυρουδής;Βορίδης;MakisVoridis
Μαρτίνου Γεωργία;Μαρτίνου;GeorgiaMartinou
Βλάχος Γεώργιος;Βλάχος;Vlachos_G
Μπούρας Αθανάσιος;Μπούρας;athbouras
Κατσανιώτης Ανδρέας;Κατσανιώτης;katsaniotis
Φωτήλας Ιάσων;Φωτήλας;IasonFotilas
Κουτσούμπας Ανδρέας;Κουτσούμπας;kutsubad
Κυριαζίδης Δημήτριος;Κυριαζίδης;kyriazidisdim
Κονσολάς Εμμανουήλ;Κονσολάς;manoskonsolas
Δημοσχάκης Αναστάσιος;Δημοσχάκης;ADimoschakis
Κεδίκογλου Συμεών;Κεδίκογλου;SimosKedikoglou
Κοντογεώργος Κωνσταντίνος;Κοντογεώργος;
Τζαβάρας Κωνσταντίνος;Τζαβάρας;Tzavaraskon
Βεσυρόπουλος Απόστολος;Βεσυρόπουλος;a_vesiropoulos
Αυγενάκης Ελευθέριος;Αυγενάκης;l_avgenakis
Γιόγιακας Βασίλειος;Γιόγιακας;
Καραμανλής Κωνσταντίνος;Καραμανλής;
Γκιουλέκας Κωνσταντίνος;Γκιουλέκας;gioulekaskostas
Καλαφάτης Σταύρος;Καλαφάτης;KalafatisSt
Ράπτη Έλενα;Ράπτη;Elena_Rapti
Καράογλου Θεόδωρος;Καράογλου;TheoKaraoglou
Αναστασιάδης Σάββας;Αναστασιάδης;savanastasiadis
Τασούλας Κωνσταντίνος;Τασούλας;
Παναγιωτόπουλος Νικόλαος;Παναγιωτόπουλος;npanagioto
Τσιάρας Κωνσταντίνος;Τσιάρας;
Αντωνίου Μαρία;Αντωνίου;MarAntoniou
Γεωργαντάς Γεώργιος;Γεωργαντάς;
Κασαπίδης Γεώργιος;Κασαπίδης;
Δήμας Χρίστος;Δήμας;ChristosDimas_
Βρούτσης Ιωάννης;Βρούτσης;VroutsisGiannis
Δαβάκης Αθανάσιος;Δαβάκης;adavakis
Χαρακόπουλος Μάξιμος;Χαρακόπουλος;pantamaximos
Κέλλας Χρήστος;Κέλλας;kellas_xristos
Πλακιωτάκης Ιωάννης;Πλακιωτάκης;G_plakiotakis
Αθανασίου Χαράλαμπος;Αθανασίου;XarAthan
Καββαδάς Αθανάσιος;Καββαδάς;
Μπουκώρος Χρήστος;Μπουκώρος;chboukoros1
Σαμαράς Αντώνιος;Σαμαράς;samaras_antonis
Κατσαφάδος Κωνσταντίνος;Κατσαφάδος;Katsafados
Τραγάκης Ιωάννης;Τραγάκης;
Καρασμάνης Γεώργιος;Καρασμάνης;
Κουκοδήμος Κωνσταντίνος;Κουκοδήμος;
Γιαννάκης Στέργιος;Γιαννάκης;
Κεφαλογιάννης Ιωάννης;Κεφαλογιάννης;gkefalogiannis
Καραμανλής Κωνσταντίνος;Καραμανλής;
Αραμπατζή Φωτεινή;Αραμπατζή;ArampatziFotini
Σκρέκας Κωνσταντίνος;Σκρέκας;KostasSkrekas
Σταϊκούρας Χρήστος;Σταϊκούρας;cstaikouras
Αντωνιάδης Ιωάννης;Αντωνιάδης;
Βαγιωνάς Γεώργιος;Βαγιωνάς;GVagionas
Μηταράκης Παναγιώτης;Μηταράκης;nmitarakis
Μάρκου Αικατερίνη;Μάρκου;kat_markou
Κατσιαντώνης Γεώργιος;Κατσιαντώνης;
Θεοχαρόπουλος Αθανάσιος;Θεοχαρόπουλος;
Σκανδαλίδης Κωνσταντίνος;Σκανδαλίδης;KSkandalidis
Γεννηματά Φωτεινή;Γεννηματά;FofiGennimata
Λοβέρδος Ανδρέας;Λοβέρδος;a_loverdos
Κωνσταντόπουλος Δημήτριος;Κωνσταντόπουλος;dkonstantop
Μανιάτης Ιωάννης;Μανιάτης;Yannis_Maniatis
Κωνσταντινόπουλος Οδυσσέας;Κωνσταντινόπουλος;Odysseas_
Χριστοφιλοπούλου Παρασκευή;Χριστοφιλοπούλου;evichrist
Παπαθεοδώρου Θεόδωρος;Παπαθεοδώρου;papatheodorou_t
Κεφαλίδου Χαρά;Κεφαλίδου;xarakefalidou
Κρεμαστινός Δημήτριος;Κρεμαστινός;KremastinosD
Κουτσούκος Γιάννης;Κουτσούκος;koutsoukosilia
Κεγκέρογλου Βασίλειος;Κεγκέρογλου;BKegeroglou
Βενιζέλος Ευάγγελος;Βενιζέλος;EVenizelos
Αρβανιτίδης Γεώργιος;Αρβανιτίδης;Arvanitidis_Geo
Γρηγοράκος Λεωνίδας;Γρηγοράκος;lgrigorakos
Μπαργιώτας Κωνσταντίνος;Μπαργιώτας;
Αχμέτ Ιλχάν;Αχμέτ;
Τζελέπης Μιχαήλ;Τζελέπης;MTZELEPIS
Καρράς Γεώργιος Δημήτριος;Καρράς;
Παππάς Χρήστος;Παππάς;
Μιχαλολιάκος Νικόλαος;Μιχαλολιάκος;
Γερμενής Γεώργιος;Γερμενής;GermenisGiorgos
Παναγιώταρος Ηλίας;Παναγιώταρος;
Ζαρούλια Ελένη;Ζαρούλια;
Κασιδιάρης Ηλίας ;Κασιδιάρης;IliasKasidiaris
Καρακώστας Ευάγγελος;Καρακώστας;
Γρέγος Αντώνιος;Γρέγος;AntonisGregos
Αϊβατίδης Ιωάννης;Αϊβατίδης;
Χατζησάββας Χρήστος;Χατζησάββας;xa_kilkis
Ηλιόπουλος Παναγιώτης;Ηλιόπουλος;
Κούζηλος Νικόλαος;Κούζηλος;
Λαγός Ιωάννης;Λαγός;
Σαχινίδης Ιωάννης;Σαχινίδης;
Βλάχου Σωτηρία;Βλάχου;
Παπαρήγα Αλεξάνδρα;Παπαρήγα;
Κανέλλη Λιάνα;Κανέλλη;
Κουτσούμπας Δημήτριος;Κουτσούμπας;
Παφίλης Αθανάσιος;Παφίλης;
Κατσώτης Χρήστος;Κατσώτης;
Γκιόκας Ιωάννης;Γκιόκας;
Καραθανασόπουλος Νικόλαος;Καραθανασόπουλος;
Συντυχάκης Εμμανουήλ;Συντυχάκης;
Δελής Ιωάννης;Δελής;
Βαρδαλής Αθανάσιος;Βαρδαλής;
Λαμπρούλης Γεώργιος;Λαμπρούλης;
Τάσσος Σταύρος;Τάσσος;
Στεργίου Κωνσταντίνος;Στεργίου;
Μανωλάκου Διαμάντω;Μανωλάκου;
Κουντουρά Έλενα;Κουντουρά;ElenaKountoura
Καμμένος Πάνος;Καμμένος;PanosKammenos
Παπαχριστόπουλος Αθανάσιος;Παπαχριστόπουλος;
Κατσίκης Κωνσταντίνος;Κατσίκης;
Ζουράρης Κωνσταντίνος;Ζουράρης;
Κόκκαλης Βασίλειος;Κόκκαλης;VASILISKOKKALHS
Κόλλια - Τσαρουχά Μαρία;Κόλλια;MariaKolliaTsar
Γεωργιάδης Μάριος;Γεωργιάδης;
Λεβέντης Βασίλης;Λεβέντης;ProedrosEK
Καβαδέλλας Δημήτριος;Καβαδέλλας;
Σαρίδης Ιωάννης;Σαρίδης;
Φωκάς Αριστείδης;Φωκάς;
Μεγαλομύστακας Αναστάσιος;Μεγαλομύστακας;
Λυκούδης Σπυρίδων;Λυκούδης;SpyrosLykoudis
Ψαριανός Γρηγόριος;Ψαριανός;grpsarianos
Αμυράς Γεώργιος;Αμυράς;amirasgiorgos
Μαυρωτάς Γεώργιος;Μαυρωτάς;mavrogiorgos
Δανέλλης Σπυρίδων;Δανέλλης;SpyrosDanellis
Θεοδωράκης Σταύρος;Θεοδωράκης;St_Theodorakis
Παναγούλης Ευστάθιος;Παναγούλης;
Παπακώστα Αικατερίνη;Παπακώστα;kpapakosta
Θεοχάρης Θεοχάρης;Θεοχάρης;htheoharis
Νικολόπουλος Νικόλαος;Νικολόπουλος;NikNikolopoulos
Μίχος Νικόλαος;Μίχος;
Κουκούτσης Δημήτριος;Κουκούτσης;
Λαζαρίδης Γεώργιος;Λαζαρίδης;
Καμμένος Δημήτριος;Καμμένος;
Μπαρμπαρούσης Κωνσταντίνος;Μπαρμπαρούσης;